,name,email,date_of_birth,mobile_no,is_mobile_valid,is_email_valid,age,above_18,first_name,last_name,membership_id
20,Patty Smith,Patty_Smith@ross.com,19750827,59428759,True,True,46,True,Smith,Patty,Pattyc7677
28,Kayla Shannon,Kayla_Shannon@hendricks-hunter.org,19840517,51323743,True,True,37,True,Shannon,Kayla,Kayladd402
29,Sean Wang DDS,Sean_Wang@gibson-calderon.com,19600311,25595367,True,True,61,True,DDS,Sean,Sean04168
30,Richard Estrada,Richard_Estrada@malone.com,19921015,22821527,True,True,29,True,Estrada,Richard,Richard0bf5b
34,Jackson Cline,Jackson_Cline@hudson.net,19710121,48056519,True,True,50,True,Cline,Jackson,Jackson825fb
36,Allen Williams,Allen_Williams@sanchez.net,19971109,77991519,True,True,24,True,Williams,Allen,Allen3e726
43,Eric Flores,Eric_Flores@dillon-patterson.com,19820107,36641663,True,True,40,True,Flores,Eric,Ericf6828
44,Anna Richardson,Anna_Richardson@perry.com,19670223,64083047,True,True,54,True,Richardson,Anna,Annaef158
50,Benjamin Smith,Benjamin_Smith@christian-contreras.com,19871223,95835639,True,True,34,True,Smith,Benjamin,Benjamin9625b
58,Bobby Ward,Bobby_Ward@bailey-taylor.org,19641006,64672783,True,True,57,True,Ward,Bobby,Bobbye1acd
69,Taylor Gomez,Taylor_Gomez@johnston.com,19821022,24007567,True,True,39,True,Gomez,Taylor,Taylor876bf
70,Jeremy Rodriguez,Jeremy_Rodriguez@roth.com,19780828,32567967,True,True,43,True,Rodriguez,Jeremy,Jeremy93ac7
71,April Garcia,April_Garcia@hall.com,19871231,24650447,True,True,34,True,Garcia,April,April26b55
75,Sharon Garza,Sharon_Garza@duran.com,20020830,59411567,True,True,19,True,Garza,Sharon,Sharon40199
81,Lori Sanchez,Lori_Sanchez@hardin-warner.net,19980420,76989167,True,True,23,True,Sanchez,Lori,Lori364a7
85,Joseph Reed,Joseph_Reed@kelley.com,19511220,18798163,True,True,70,True,Reed,Joseph,Joseph3bc34
86,Jason Armstrong,Jason_Armstrong@curtis.com,19921116,68514503,True,True,29,True,Armstrong,Jason,Jasone2fb8
89,Jessica Allison,Jessica_Allison@harper.com,19721030,66821135,True,True,49,True,Allison,Jessica,Jessica0c21b
93,Arthur Hall MD,Arthur_Hall@gonzalez.com,19940311,65493407,True,True,27,True,MD,Arthur,Arthur5eccd
102,Sherry Meza,Sherry_Meza@west.com,19970409,33491119,True,True,24,True,Meza,Sherry,Sherry5bcfa
106,James Johnston,James_Johnston@fox-brandt.org,19681016,52358919,True,True,53,True,Johnston,James,Jamescda33
125,Matthew Turner,Matthew_Turner@martinez.com,19940707,73291455,True,True,27,True,Turner,Matthew,Matthew0303a
126,Jeffrey Bauer,Jeffrey_Bauer@garza.com,19660813,51154803,True,True,55,True,Bauer,Jeffrey,Jeffrey18f68
135,Sophia Randolph,Sophia_Randolph@leonard-ramirez.com,19500807,94510479,True,True,71,True,Randolph,Sophia,Sophia76c7a
149,Marissa Matthews,Marissa_Matthews@graves.com,19720221,20636447,True,True,49,True,Matthews,Marissa,Marissa2a414
150,Dr. Samuel Thompson,Samuel_Thompson@sanchez-carroll.com,19840304,99063183,True,True,37,True,Thompson,Dr.,Dr.8382b
154,Zachary Lee,Zachary_Lee@smith.com,19870704,36447751,True,True,34,True,Lee,Zachary,Zachary76cce
157,Kara Pittman,Kara_Pittman@gomez-vaughn.com,19680525,80502567,True,True,53,True,Pittman,Kara,Kara44c4d
172,Charles Ruiz,Charles_Ruiz@sullivan-jones.com,19680113,85158255,True,True,54,True,Ruiz,Charles,Charles1546f
177,Rachel Shaw,Rachel_Shaw@stevenson-martinez.com,19581223,66511687,True,True,63,True,Shaw,Rachel,Rachel45468
182,James Miller,James_Miller@nguyen.com,19710831,64917031,True,True,50,True,Miller,James,Jamesd11a8
195,Gabriella Anthony,Gabriella_Anthony@castro.com,19970106,89108943,True,True,25,True,Anthony,Gabriella,Gabriellaebd30
201,Misty Cantrell,Misty_Cantrell@flores-decker.com,19570303,79619831,True,True,64,True,Cantrell,Misty,Mistyb19eb
204,Kelly Guerrero,Kelly_Guerrero@riggs.com,19970203,53052583,True,True,24,True,Guerrero,Kelly,Kellyd55cb
205,David Nichols,David_Nichols@rocha.com,19620819,62269575,True,True,59,True,Nichols,David,David9226a
215,Shawn Galloway,Shawn_Galloway@johnston.com,19850419,17471367,True,True,36,True,Galloway,Shawn,Shawn1a4d2
218,Fernando Salazar,Fernando_Salazar@humphrey.com,19720419,71192443,True,True,49,True,Salazar,Fernando,Fernando88b5f
221,Dennis Sanford,Dennis_Sanford@lopez-archer.com,19800806,88084407,True,True,41,True,Sanford,Dennis,Dennisc7e24
227,Amanda Murphy,Amanda_Murphy@bright-gibbs.net,20000730,30501351,True,True,21,True,Murphy,Amanda,Amanda0851c
230,Bobby Martin,Bobby_Martin@jackson.com,20000331,43871143,True,True,21,True,Martin,Bobby,Bobby35f44
240,Lauren Jones,Lauren_Jones@castaneda.com,19870724,96512831,True,True,34,True,Jones,Lauren,Lauren3cea3
243,Vernon Bishop,Vernon_Bishop@clark-larson.com,19730710,78396487,True,True,48,True,Bishop,Vernon,Vernonb0506
250,Phillip Meyers,Phillip_Meyers@mcneil-williams.com,19601022,95409119,True,True,61,True,Meyers,Phillip,Phillip2871d
266,Jeremy Strickland,Jeremy_Strickland@adkins.com,19501223,20151487,True,True,71,True,Strickland,Jeremy,Jeremyc13f0
282,Robert Martin,Robert_Martin@crawford.com,19500718,78547615,True,True,71,True,Martin,Robert,Robert6f48d
283,Marc Davis,Marc_Davis@harris.com,19800520,96597403,True,True,41,True,Davis,Marc,Marc7d08d
292,William Taylor,William_Taylor@warner-morgan.net,19860131,42996791,True,True,35,True,Taylor,William,William4fbc5
307,Alyssa Pierce,Alyssa_Pierce@ruiz.com,19680516,95839991,True,True,53,True,Pierce,Alyssa,Alyssa133dc
309,Michael Brady,Michael_Brady@wells-sanders.com,19500323,65342263,True,True,71,True,Brady,Michael,Michaelbd431
310,James Rhodes,James_Rhodes@green.com,19771010,27465295,True,True,44,True,Rhodes,James,Jamesdf266
317,Ryan Ramirez,Ryan_Ramirez@pham.com,19850425,67907071,True,True,36,True,Ramirez,Ryan,Ryan5ff32
318,Edward Burns,Edward_Burns@graham.org,19510618,68976471,True,True,70,True,Burns,Edward,Edward7f892
324,Stephen Thompson,Stephen_Thompson@hess.com,19511112,75033031,True,True,70,True,Thompson,Stephen,Stephen52cd0
328,Allen Rogers,Allen_Rogers@lewis.org,19610305,88834151,True,True,60,True,Rogers,Allen,Allen1cfad
330,Susan Williams,Susan_Williams@rowland.com,19761205,95688383,True,True,45,True,Williams,Susan,Susan3b0d4
341,Leslie Moore,Leslie_Moore@waller.org,19841209,13237891,True,True,37,True,Moore,Leslie,Leslie2125a
348,Micheal Blackburn,Micheal_Blackburn@lewis.org,19621010,70637879,True,True,59,True,Blackburn,Micheal,Michealbe088
368,Nancy Aguilar,Nancy_Aguilar@lane.com,19950811,97516423,True,True,26,True,Aguilar,Nancy,Nancyad5a0
370,Jessica Williams,Jessica_Williams@thomas-martin.com,19730824,26472931,True,True,48,True,Williams,Jessica,Jessicab7835
377,Michelle Johnson,Michelle_Johnson@smith.org,19670820,94747727,True,True,54,True,Johnson,Michelle,Michelled9799
380,Dylan Johnson,Dylan_Johnson@montgomery.com,19960107,52048815,True,True,26,True,Johnson,Dylan,Dyland53b7
381,Pamela King,Pamela_King@soto.net,19930929,72515095,True,True,28,True,King,Pamela,Pamela01148
387,Robert Smith,Robert_Smith@joyce.com,19870424,76366335,True,True,34,True,Smith,Robert,Robert634dd
389,Samantha Gonzalez,Samantha_Gonzalez@rios-fletcher.com,19980829,40456647,True,True,23,True,Gonzalez,Samantha,Samantha31e9a
416,Terry Pierce,Terry_Pierce@warner-reyes.com,19640910,91518459,True,True,57,True,Pierce,Terry,Terry68d7c
434,Jeffery Walker,Jeffery_Walker@watson.com,19560624,46574799,True,True,65,True,Walker,Jeffery,Jefferyba5b7
435,Todd Alvarez,Todd_Alvarez@vaughn.com,19741125,42011263,True,True,47,True,Alvarez,Todd,Todd7bc5d
444,Brett Willis,Brett_Willis@gibbs.com,19610908,86342007,True,True,60,True,Willis,Brett,Brettd0046
447,Louis Klein,Louis_Klein@phillips-allen.com,19651220,33671863,True,True,56,True,Klein,Louis,Louis43163
453,Kristin Wilkins,Kristin_Wilkins@harvey.com,20020511,84393855,True,True,19,True,Wilkins,Kristin,Kristin48a0a
454,Joshua Lynch,Joshua_Lynch@daniels.com,19650526,71572839,True,True,56,True,Lynch,Joshua,Joshua49515
462,Deborah Williams,Deborah_Williams@howard.com,19841121,11357647,True,True,37,True,Williams,Deborah,Deborahe69d3
470,Brandon Marshall,Brandon_Marshall@thompson.org,19860415,12250471,True,True,35,True,Marshall,Brandon,Brandon1f412
477,Sarah Bright,Sarah_Bright@winters.com,19981115,24327743,True,True,23,True,Bright,Sarah,Sarah776f9
479,Rebecca Anderson,Rebecca_Anderson@carter-ramirez.com,19730827,27023231,True,True,48,True,Anderson,Rebecca,Rebecca48071
485,Roger Frost,Roger_Frost@cole-robinson.com,19700217,94120431,True,True,51,True,Frost,Roger,Roger5ba4a
493,Toni Dunn,Toni_Dunn@chapman.com,19800831,89674459,True,True,41,True,Dunn,Toni,Toni8edbe
494,Eric Dunn,Eric_Dunn@reese.com,19601207,13714207,True,True,61,True,Dunn,Eric,Eric84e93
497,Heather Pierce,Heather_Pierce@williams-edwards.com,19570813,32413999,True,True,64,True,Pierce,Heather,Heather1096d
504,Jordan Erickson,Jordan_Erickson@martinez.com,19750802,64756655,True,True,46,True,Erickson,Jordan,Jordan6b984
535,Susan Ali,Susan_Ali@leach.com,19990105,74229143,True,True,23,True,Ali,Susan,Susanf361f
545,Richard Wilson,Richard_Wilson@hernandez.com,19990703,36349175,True,True,22,True,Wilson,Richard,Richardf0626
550,Jon Butler,Jon_Butler@blackwell.com,19870318,78121695,True,True,34,True,Butler,Jon,Jona60e8
558,Paul Phillips,Paul_Phillips@vance.com,19970216,11213063,True,True,24,True,Phillips,Paul,Paul01acd
561,Adam Parker,Adam_Parker@yoder.com,19980722,27783391,True,True,23,True,Parker,Adam,Adam5ebc0
564,Cory Walker,Cory_Walker@torres.net,19621208,37614935,True,True,59,True,Walker,Cory,Corya21be
570,Elizabeth Bell,Elizabeth_Bell@nguyen.org,20010329,20192319,True,True,20,True,Bell,Elizabeth,Elizabethcb191
589,Jeffrey Sanchez,Jeffrey_Sanchez@jones-butler.com,19950914,73226919,True,True,26,True,Sanchez,Jeffrey,Jeffreycf3c9
592,Bianca Martin,Bianca_Martin@mitchell.com,19780205,86924127,True,True,43,True,Martin,Bianca,Bianca7bf56
617,Jeffrey King,Jeffrey_King@hicks-boyd.com,19770623,68622991,True,True,44,True,King,Jeffrey,Jeffrey2f8a4
624,Jeffrey Salas,Jeffrey_Salas@hernandez-weber.org,19910908,86359023,True,True,30,True,Salas,Jeffrey,Jeffreye3ba6
627,Shelly Mcdaniel,Shelly_Mcdaniel@little.com,19951028,86599403,True,True,26,True,Mcdaniel,Shelly,Shellyab5b4
640,Melanie Wiggins,Melanie_Wiggins@mcdonald-rice.com,20000214,91699615,True,True,21,True,Wiggins,Melanie,Melaniec46e0
645,Mr. Daniel Smith,Daniel_Smith@cummings.com,19860308,26613823,True,True,35,True,Smith,Mr.,Mr.e0b77
655,Erica Vaughn,Erica_Vaughn@erickson-evans.org,19581113,83472491,True,True,63,True,Vaughn,Erica,Erica3106b
666,Christopher Smith,Christopher_Smith@lamb.com,19810707,42594715,True,True,40,True,Smith,Christopher,Christopher216c5
672,Marc Love,Marc_Love@martin.com,19550722,96796419,True,True,66,True,Love,Marc,Marc95197
681,Scott Lawrence,Scott_Lawrence@aguilar.com,19760104,59217375,True,True,46,True,Lawrence,Scott,Scottfbccd
688,James Sosa,James_Sosa@robles-hawkins.com,19570811,47053447,True,True,64,True,Sosa,James,James84005
696,Jamie Jackson,Jamie_Jackson@carr.com,19770526,71512687,True,True,44,True,Jackson,Jamie,Jamieb5943
705,Jeffrey Hatfield,Jeffrey_Hatfield@morgan-erickson.com,19701014,69441735,True,True,51,True,Hatfield,Jeffrey,Jeffreybf691
706,James Phillips,James_Phillips@green-taylor.com,19611019,89808183,True,True,60,True,Phillips,James,Jamesc68d2
707,Jessica Moore,Jessica_Moore@harrison-bautista.com,19990905,27155335,True,True,22,True,Moore,Jessica,Jessica555b6
714,Debra Peters,Debra_Peters@smith.com,19820804,69115179,True,True,39,True,Peters,Debra,Debra6955e
715,Richard Anderson,Richard_Anderson@peck-franklin.com,19700405,24730327,True,True,51,True,Anderson,Richard,Richard6c12a
722,Lauren Hahn,Lauren_Hahn@simmons.com,19720620,15132727,True,True,49,True,Hahn,Lauren,Lauren38908
725,Joseph Perez,Joseph_Perez@ryan.com,19740909,61876187,True,True,47,True,Perez,Joseph,Josepha30c9
733,Faith Edwards,Faith_Edwards@price.net,19770726,44653063,True,True,44,True,Edwards,Faith,Faith96edd
735,Laura Vargas,Laura_Vargas@gallagher-young.com,19770910,40816943,True,True,44,True,Vargas,Laura,Laurab176f
741,Sarah Lewis,Sarah_Lewis@wyatt.com,19810225,37945839,True,True,40,True,Lewis,Sarah,Sarahf236b
744,Brad Huff,Brad_Huff@moore.com,19611227,28207575,True,True,60,True,Huff,Brad,Brad88806
745,Thomas Sanchez,Thomas_Sanchez@cunningham-reid.net,19570914,23994083,True,True,64,True,Sanchez,Thomas,Thomasa1536
751,Alexander Richardson,Alexander_Richardson@perez.com,19581025,34675335,True,True,63,True,Richardson,Alexander,Alexandere102e
763,Joseph Howard,Joseph_Howard@williams.com,19520726,46746383,True,True,69,True,Howard,Joseph,Joseph99bdb
765,Jacqueline Phillips,Jacqueline_Phillips@larson.com,19880118,55793915,True,True,33,True,Phillips,Jacqueline,Jacqueline3268f
774,Anne Richards,Anne_Richards@mccarthy.com,19690609,84963423,True,True,52,True,Richards,Anne,Annee1b0f
776,Derek Thomas,Derek_Thomas@green.com,19640724,37329863,True,True,57,True,Thomas,Derek,Dereka6b2a
788,Joseph Bonilla,Joseph_Bonilla@freeman.com,19740508,66912183,True,True,47,True,Bonilla,Joseph,Joseph07c60
790,Gary Barber,Gary_Barber@roberts.net,19551112,44790343,True,True,66,True,Barber,Gary,Gary8e448
797,Brian Johnson,Brian_Johnson@carr.com,19810617,76631695,True,True,40,True,Johnson,Brian,Brian01409
799,Christine Peterson,Christine_Peterson@hamilton.com,19741119,57627175,True,True,47,True,Peterson,Christine,Christined3043
805,Christopher Bautista,Christopher_Bautista@rodgers.com,19940212,48834663,True,True,27,True,Bautista,Christopher,Christopher06ca7
813,Randy Rodriguez,Randy_Rodriguez@lopez.org,19811019,80174711,True,True,40,True,Rodriguez,Randy,Randy8b26a
816,Barbara Krueger,Barbara_Krueger@strong.com,19520322,30905343,True,True,69,True,Krueger,Barbara,Barbaraf41b0
826,Brian Brown,Brian_Brown@anderson.org,19541009,98374567,True,True,67,True,Brown,Brian,Brian43bdb
828,Monica Oconnor,Monica_Oconnor@gordon.com,19800107,97887295,True,True,42,True,Oconnor,Monica,Monica5d9be
840,Peggy Johnson,Peggy_Johnson@berg.com,19720328,34795631,True,True,49,True,Johnson,Peggy,Peggy317e0
844,Susan Herrera,Susan_Herrera@gomez.com,19550826,24027735,True,True,66,True,Herrera,Susan,Susan2275e
846,Andrew Matthews,Andrew_Matthews@ramos-vaughn.com,19880219,90821359,True,True,33,True,Matthews,Andrew,Andrew33105
851,Erin Kennedy,Erin_Kennedy@hendricks-mason.com,19650109,35865639,True,True,57,True,Kennedy,Erin,Erine1e07
853,Jason Lopez,Jason_Lopez@wood-hill.com,19740830,11287127,True,True,47,True,Lopez,Jason,Jasonad64b
864,Jerry Clark,Jerry_Clark@perez.com,19950928,46859655,True,True,26,True,Clark,Jerry,Jerry850e2
867,Alyssa Kim,Alyssa_Kim@beck-zuniga.com,19901108,59732335,True,True,31,True,Kim,Alyssa,Alyssa61638
868,Courtney Williams,Courtney_Williams@garner.com,19990919,27598999,True,True,22,True,Williams,Courtney,Courtney225d6
877,Kevin Haynes,Kevin_Haynes@jones.com,19690624,75433787,True,True,52,True,Haynes,Kevin,Kevind74e4
880,John Hicks,John_Hicks@weber.com,19530912,95395487,True,True,68,True,Hicks,John,Johnc3ab0
883,Eric Kennedy,Eric_Kennedy@mcdonald.com,19990522,77994331,True,True,22,True,Kennedy,Eric,Ericb93e8
885,Brooke Johnson,Brooke_Johnson@tyler.org,19910415,55029023,True,True,30,True,Johnson,Brooke,Brooke89a0e
892,Matthew Nelson,Matthew_Nelson@hunt.com,19580127,45515247,True,True,63,True,Nelson,Matthew,Matthew49b51
897,Carolyn Glover,Carolyn_Glover@walker.com,19790714,87832791,True,True,42,True,Glover,Carolyn,Carolyn9a700
900,Robert Moore,Robert_Moore@young.com,19550415,19512199,True,True,66,True,Moore,Robert,Robertbd6b1
914,Nicole Mcgee,Nicole_Mcgee@reyes.com,19590303,34539135,True,True,62,True,Mcgee,Nicole,Nicole84007
915,Danielle Hunter,Danielle_Hunter@ballard.com,19710811,99947039,True,True,50,True,Hunter,Danielle,Daniellec76d0
928,Kelly Perez,Kelly_Perez@ward-wilson.com,19600519,60614735,True,True,61,True,Perez,Kelly,Kelly016c7
929,Mary Odom,Mary_Odom@morgan-reynolds.com,19630813,98738367,True,True,58,True,Odom,Mary,Marye8796
932,Arthur Gibson II,Arthur_Gibson@thompson-thompson.com,19610306,75411807,True,True,60,True,II,Arthur,Arthur7ade8
935,Tina Fitzpatrick,Tina_Fitzpatrick@marshall-howard.org,19520205,11883967,True,True,69,True,Fitzpatrick,Tina,Tinaf3a7d
942,Miss Katherine Brennan MD,Katherine_Brennan@garcia.net,19771113,37918255,True,True,44,True,MD,Miss,Missfbe29
947,Christopher Miller,Christopher_Miller@kelly.com,19850131,16222031,True,True,36,True,Miller,Christopher,Christopher5a80b
948,Charles Mendoza DVM,Charles_Mendoza@watts.org,19521109,56858727,True,True,69,True,DVM,Charles,Charles5a25d
951,Amber Hopkins,Amber_Hopkins@hall.com,19750831,15289039,True,True,46,True,Hopkins,Amber,Amber7c2f6
952,Christine Lara,Christine_Lara@barnes-lee.com,19590103,77716475,True,True,63,True,Lara,Christine,Christine05622
953,Nancy Garcia,Nancy_Garcia@lewis-hayden.com,19680305,62971303,True,True,53,True,Garcia,Nancy,Nancy76b84
956,Alex Rhodes,Alex_Rhodes@russell.net,19780913,75808519,True,True,43,True,Rhodes,Alex,Alexa5121
957,Daniel Bennett,Daniel_Bennett@stephens-oneill.com,19730228,20776023,True,True,48,True,Bennett,Daniel,Daniel1ed65
975,Kevin Woodard,Kevin_Woodard@lynch.com,19550809,30319911,True,True,66,True,Woodard,Kevin,Kevin0dee6
987,Todd Wheeler,Todd_Wheeler@woods.com,19960904,50356375,True,True,25,True,Wheeler,Todd,Todd62b5f
988,Linda Woods,Linda_Woods@diaz.com,19611127,81195711,True,True,60,True,Woods,Linda,Linda5e5f2
989,Alan Peterson,Alan_Peterson@burch.com,19760129,88993663,True,True,45,True,Peterson,Alan,Alan9e709
994,Jacob Grant,Jacob_Grant@cummings.com,19911204,94196575,True,True,30,True,Grant,Jacob,Jacob46694
996,Gabrielle Johnson,Gabrielle_Johnson@serrano.com,19580610,35424207,True,True,63,True,Johnson,Gabrielle,Gabrielleaa25e
997,Anne Howard,Anne_Howard@rowe.com,19690610,35198251,True,True,52,True,Howard,Anne,Anne45839
999,Caleb Morales,Caleb_Morales@collins.com,19660329,69459679,True,True,55,True,Morales,Caleb,Caleb0598c
1003,James Dominguez,James_Dominguez@black.com,19881205,49527207,True,True,33,True,Dominguez,James,Jamese2663
1014,Kathryn Cardenas,Kathryn_Cardenas@skinner.com,19830508,81016239,True,True,38,True,Cardenas,Kathryn,Kathryn35ae4
1029,Jeffrey Santiago,Jeffrey_Santiago@duncan.com,19750228,93827623,True,True,46,True,Santiago,Jeffrey,Jeffrey5cbec
1032,Andrew Mclaughlin,Andrew_Mclaughlin@fitzpatrick-lucas.com,19730514,66417719,True,True,48,True,Mclaughlin,Andrew,Andrewb2423
1035,Mr. Bryan Porter,Bryan_Porter@elliott.com,19570214,88089671,True,True,64,True,Porter,Mr.,Mr.e9e42
1038,Brendan Smith,Brendan_Smith@williams.com,19580516,67839775,True,True,63,True,Smith,Brendan,Brendan750a9
1039,Amy Wilson,Amy_Wilson@cortez.net,19740412,64392323,True,True,47,True,Wilson,Amy,Amy09540
1040,David Clark,David_Clark@fleming.com,19850801,44834223,True,True,36,True,Clark,David,Davidf30a3
1042,Erika Joseph,Erika_Joseph@romero.com,19810303,51075039,True,True,40,True,Joseph,Erika,Erikaf0dcb
1048,Jeffrey Hernandez,Jeffrey_Hernandez@mcdaniel.com,19891231,76263607,True,True,32,True,Hernandez,Jeffrey,Jeffreyf3251
1050,Michael Miller,Michael_Miller@taylor-moore.com,19640520,17581687,True,True,57,True,Miller,Michael,Michael375ad
1062,Theresa Newman,Theresa_Newman@perry-scott.com,19941129,36575799,True,True,27,True,Newman,Theresa,Theresa069d1
1069,Paul Romero,Paul_Romero@middleton-jones.com,19601007,98843943,True,True,61,True,Romero,Paul,Paul7ffde
1071,Kathleen Ramirez,Kathleen_Ramirez@banks-wright.com,19550829,40351711,True,True,66,True,Ramirez,Kathleen,Kathleen04ceb
1074,Janet Choi MD,Janet_Choi@neal.com,19860718,66675695,True,True,35,True,MD,Janet,Janete37de
1093,Mark Bender,Mark_Bender@oneal-wilkins.com,19690911,27354911,True,True,52,True,Bender,Mark,Markb8ade
1095,Abigail Brown,Abigail_Brown@jones-underwood.com,19800810,15726143,True,True,41,True,Brown,Abigail,Abigail7bef7
1109,Antonio Dominguez,Antonio_Dominguez@nichols.com,19801115,75861007,True,True,41,True,Dominguez,Antonio,Antonio821d7
1119,Tony Morris,Tony_Morris@davis.com,19700805,33280551,True,True,51,True,Morris,Tony,Tony1057d
1120,Randy Carlson,Randy_Carlson@rivera.com,19550530,51211679,True,True,66,True,Carlson,Randy,Randyd8db2
1127,Mitchell Pierce,Mitchell_Pierce@houston-conway.net,20010824,96845551,True,True,20,True,Pierce,Mitchell,Mitchell7e42c
1129,Angela West,Angela_West@anderson-fitzgerald.com,19810427,59397207,True,True,40,True,West,Angela,Angela0afba
1145,Sherry Lyons,Sherry_Lyons@carson-copeland.com,19980902,47672835,True,True,23,True,Lyons,Sherry,Sherry5c73e
1149,Jennifer Butler,Jennifer_Butler@arellano-morris.com,19511118,16079075,True,True,70,True,Butler,Jennifer,Jenniferc810e
1153,Kevin Peters,Kevin_Peters@edwards.com,19670602,28855487,True,True,54,True,Peters,Kevin,Kevin4b936
1167,Benjamin Conway,Benjamin_Conway@burton-paul.com,19551228,23338319,True,True,66,True,Conway,Benjamin,Benjaminb14b9
1169,Noah Mccarty,Noah_Mccarty@rios-oneill.com,19650620,64718427,True,True,56,True,Mccarty,Noah,Noah6f29c
1181,Andrew Stewart,Andrew_Stewart@wong.com,19511202,19799879,True,True,70,True,Stewart,Andrew,Andrewc3765
1182,Brenda Jones,Brenda_Jones@lang.com,19550804,62608823,True,True,66,True,Jones,Brenda,Brendae27fe
1185,Jerry Shannon,Jerry_Shannon@sweeney-gibbs.com,19510505,86239787,True,True,70,True,Shannon,Jerry,Jerry6484d
1186,Blake Brown,Blake_Brown@george-kelly.net,19570615,34835327,True,True,64,True,Brown,Blake,Blake75572
1205,Michael Bowers,Michael_Bowers@klein-barry.com,20020903,70074031,True,True,19,True,Bowers,Michael,Michael29d22
1216,Elizabeth Bailey,Elizabeth_Bailey@stephenson-arnold.com,19630101,20218071,True,True,59,True,Bailey,Elizabeth,Elizabeth5c8a5
1218,James Cruz,James_Cruz@bender-harris.com,19500730,18758595,True,True,71,True,Cruz,James,Jamesa17c6
1219,Kelly Levy,Kelly_Levy@barajas.com,19940805,74468255,True,True,27,True,Levy,Kelly,Kelly1b739
1226,Thomas Burton,Thomas_Burton@dunn-avery.net,19750419,14613071,True,True,46,True,Burton,Thomas,Thomase624b
1238,Kimberly Garcia,Kimberly_Garcia@tapia.com,19630801,41397407,True,True,58,True,Garcia,Kimberly,Kimberlyea09c
1251,Paul Peterson,Paul_Peterson@bullock.com,20021225,59148863,True,True,19,True,Peterson,Paul,Paulc41f4
1253,Tiffany Carrillo,Tiffany_Carrillo@hoover-brown.org,19930516,72843351,True,True,28,True,Carrillo,Tiffany,Tiffany20b27
1256,Donna Lewis,Donna_Lewis@myers-dominguez.org,19800422,86779671,True,True,41,True,Lewis,Donna,Donnafebfd
1277,Michael Reilly,Michael_Reilly@cooper.net,19720514,33876967,True,True,49,True,Reilly,Michael,Michael1c829
1279,Alejandra Martinez,Alejandra_Martinez@jones.com,19791221,87381327,True,True,42,True,Martinez,Alejandra,Alejandrad6f6b
1302,Timothy Sanders,Timothy_Sanders@harrell.com,19521003,63453583,True,True,69,True,Sanders,Timothy,Timothye813f
1307,Latoya Little,Latoya_Little@martinez.com,19780708,43404335,True,True,43,True,Little,Latoya,Latoya9b0c8
1308,Sarah Harvey,Sarah_Harvey@martin-smith.com,19600331,58520471,True,True,61,True,Harvey,Sarah,Sarah119d2
1311,Aaron Hansen,Aaron_Hansen@mckinney.com,19980128,51639887,True,True,23,True,Hansen,Aaron,Aarondf29c
1316,Melissa Ortiz,Melissa_Ortiz@lee-malone.com,19580729,49637727,True,True,63,True,Ortiz,Melissa,Melissa84be0
1321,Brooke Hernandez,Brooke_Hernandez@benitez.com,19911114,97309975,True,True,30,True,Hernandez,Brooke,Brookebcb5b
1322,Lisa Livingston,Lisa_Livingston@glover.com,19500423,20519415,True,True,71,True,Livingston,Lisa,Lisa19295
1323,Eugene Mason,Eugene_Mason@gardner.com,19781213,47810855,True,True,43,True,Mason,Eugene,Eugene6bc9b
1327,Daniel Cunningham,Daniel_Cunningham@cooper.com,19730326,78657983,True,True,48,True,Cunningham,Daniel,Daniel12799
1328,Victor Marsh,Victor_Marsh@smith-olson.org,19710908,52026823,True,True,50,True,Marsh,Victor,Victorfea35
1332,Alex Smith,Alex_Smith@johnson.com,20020503,58965703,True,True,19,True,Smith,Alex,Alex894dd
1334,Charles Jennings,Charles_Jennings@cochran.net,19750714,70913863,True,True,46,True,Jennings,Charles,Charles18c5d
1335,Jessica Vargas,Jessica_Vargas@miller-price.net,19810517,48925903,True,True,40,True,Vargas,Jessica,Jessicaed53f
1338,Olivia Clark,Olivia_Clark@wade-roberson.com,19741001,67793735,True,True,47,True,Clark,Olivia,Olivia92a9e
1340,Ricky Allen,Ricky_Allen@roberts-mendoza.com,19610619,61433467,True,True,60,True,Allen,Ricky,Ricky3a518
1345,Benjamin Griffin,Benjamin_Griffin@brown.org,19620129,17280391,True,True,59,True,Griffin,Benjamin,Benjaminedc21
1348,Cathy Carney,Cathy_Carney@williams.net,19970522,31104151,True,True,24,True,Carney,Cathy,Cathy0d73a
1353,Ashley Spencer,Ashley_Spencer@anderson.com,19910126,68555775,True,True,30,True,Spencer,Ashley,Ashleyc60e6
1364,Victoria Strickland,Victoria_Strickland@mccarthy-stewart.com,19530730,31595971,True,True,68,True,Strickland,Victoria,Victoriac68d2
1366,Patrick Smith,Patrick_Smith@molina.net,19720129,76398335,True,True,49,True,Smith,Patrick,Patrick5b12e
1367,Samuel West,Samuel_West@johnson-ryan.net,20020627,50354899,True,True,19,True,West,Samuel,Samuel15f40
1369,Haley Baldwin,Haley_Baldwin@bush-wolfe.com,19650413,31940631,True,True,56,True,Baldwin,Haley,Haleyb3439
1372,Alexander Wilson,Alexander_Wilson@barron-garcia.com,19881111,13893319,True,True,33,True,Wilson,Alexander,Alexander51998
1376,April Cole,April_Cole@vargas.com,19610622,65186503,True,True,60,True,Cole,April,April2b0a2
1378,Holly Riley,Holly_Riley@stokes.com,19740728,55620431,True,True,47,True,Riley,Holly,Holly3e1f8
1390,Jeffrey Poole,Jeffrey_Poole@cross.com,19570204,82077439,True,True,64,True,Poole,Jeffrey,Jeffrey23f28
1396,Rachel Poole,Rachel_Poole@jones.net,19760807,35095087,True,True,45,True,Poole,Rachel,Rachel46b07
1403,Sheena Ward,Sheena_Ward@wilson-mcbride.com,19730926,96834175,True,True,48,True,Ward,Sheena,Sheena57d0c
1406,Cynthia Smith,Cynthia_Smith@smith.com,19510509,48760255,True,True,70,True,Smith,Cynthia,Cynthia8477e
1419,Kevin Clayton,Kevin_Clayton@miller.com,19750807,25081071,True,True,46,True,Clayton,Kevin,Kevin6ad7d
1425,Deanna Smith,Deanna_Smith@cooke.com,19510416,50395271,True,True,70,True,Smith,Deanna,Deanna774d5
1445,Sarah Coleman,Sarah_Coleman@novak.com,19500119,37411775,True,True,72,True,Coleman,Sarah,Sarahdb259
1447,Kurt Butler,Kurt_Butler@taylor.net,19640621,43394675,True,True,57,True,Butler,Kurt,Kurt19820
1448,Cody Becker,Cody_Becker@hansen.com,19601216,76003567,True,True,61,True,Becker,Cody,Codydd317
1449,Miss Molly Miller,Molly_Miller@king-kelly.net,19770511,99947663,True,True,44,True,Miller,Miss,Missd8bf5
1450,Craig Bailey,Craig_Bailey@hancock-brown.com,19970713,33032303,True,True,24,True,Bailey,Craig,Craigfac5d
1456,Patricia Gray,Patricia_Gray@dawson.com,19660319,18281751,True,True,55,True,Gray,Patricia,Patricia00c0a
1468,Robert Rivera DVM,Robert_Rivera@gibson.com,19500722,35020847,True,True,71,True,DVM,Robert,Robert6a7ce
1469,Miss Michelle Lewis,Michelle_Lewis@wiggins-thornton.com,19830121,64700455,True,True,38,True,Lewis,Miss,Missafe1c
1472,John Owens,John_Owens@callahan.com,19670424,71230983,True,True,54,True,Owens,John,John4cd37
1474,Sarah Smith,Sarah_Smith@kirk.com,19680804,22702359,True,True,53,True,Smith,Sarah,Sarah313dd
1482,Nancy Lucas,Nancy_Lucas@aguilar.com,19830607,91477863,True,True,38,True,Lucas,Nancy,Nancyb2c40
1487,Vicki Harmon,Vicki_Harmon@fry.org,19880902,20227951,True,True,33,True,Harmon,Vicki,Vickidff18
1494,Paige Kemp,Paige_Kemp@green.org,19840331,94316667,True,True,37,True,Kemp,Paige,Paigea2ce1
1498,Christina Murray,Christina_Murray@collins-day.com,19791217,35027583,True,True,42,True,Murray,Christina,Christinaa46c7
1499,Emma Berry,Emma_Berry@charles.com,19940107,34612959,True,True,28,True,Berry,Emma,Emmac02ad
1519,Jason Hawkins,Jason_Hawkins@adams-hunter.com,19541001,31750255,True,True,67,True,Hawkins,Jason,Jason8aa4f
1521,Jeffrey Rodriguez,Jeffrey_Rodriguez@johnson-white.com,19690718,29947599,True,True,52,True,Rodriguez,Jeffrey,Jeffrey84bf3
1532,Christina Miller,Christina_Miller@marshall-lucas.com,19530425,92153503,True,True,68,True,Miller,Christina,Christina84bb3
1571,Maria Miller,Maria_Miller@roberts.com,19941221,86317751,True,True,27,True,Miller,Maria,Maria208dd
1573,Eileen Davis,Eileen_Davis@knox.com,19520404,19544735,True,True,69,True,Davis,Eileen,Eileen3a81f
1575,Tony Howard,Tony_Howard@gutierrez.org,19530211,62993627,True,True,68,True,Howard,Tony,Tonyaf9f9
1578,Nicole Rivas,Nicole_Rivas@liu.org,19941124,45622759,True,True,27,True,Rivas,Nicole,Nicole0504f
1586,John Kelley,John_Kelley@george-barker.com,19960928,99919107,True,True,25,True,Kelley,John,John336ba
1594,Harry Miller,Harry_Miller@warner-jackson.com,19890613,63478047,True,True,32,True,Miller,Harry,Harry4e2a7
1602,Ellen Montes,Ellen_Montes@sellers.com,19610714,16519759,True,True,60,True,Montes,Ellen,Ellen29eaa
1604,Gregory Mclean,Gregory_Mclean@valencia.com,19610801,38860951,True,True,60,True,Mclean,Gregory,Gregory3b78d
1607,Angela Spencer,Angela_Spencer@lopez.com,19980502,18410783,True,True,23,True,Spencer,Angela,Angela071ed
1609,Christina Price,Christina_Price@kennedy-tran.com,19860805,65381695,True,True,35,True,Price,Christina,Christina35238
1615,Michael Morris,Michael_Morris@nelson.net,19790924,62959695,True,True,42,True,Morris,Michael,Michael05ed3
1617,Amber Randall,Amber_Randall@boyd-freeman.net,19520910,60506343,True,True,69,True,Randall,Amber,Amberfe7f8
1618,Matthew Morris,Matthew_Morris@boyle-novak.com,19981111,49822607,True,True,23,True,Morris,Matthew,Matthewf9657
1622,Cindy Blackburn,Cindy_Blackburn@bolton.net,20001008,86098071,True,True,21,True,Blackburn,Cindy,Cindy0c5fb
1626,Matthew Jacobson,Matthew_Jacobson@bishop-thomas.com,19510412,99110191,True,True,70,True,Jacobson,Matthew,Matthew496c2
1645,Stacy Jones,Stacy_Jones@perez.com,19940909,71998399,True,True,27,True,Jones,Stacy,Stacyc6f5d
1653,Antonio Gray,Antonio_Gray@jackson-bell.org,19710315,56973759,True,True,50,True,Gray,Antonio,Antonio61484
1656,Scott Zimmerman,Scott_Zimmerman@fischer.com,19560130,70071511,True,True,65,True,Zimmerman,Scott,Scott881d6
1658,Dakota Silva,Dakota_Silva@barker-miller.com,19791007,41853599,True,True,42,True,Silva,Dakota,Dakota80f7f
1659,Cynthia Crawford,Cynthia_Crawford@miller-fowler.org,19650925,97822935,True,True,56,True,Crawford,Cynthia,Cynthiacd0ed
1666,Jacob Spencer MD,Jacob_Spencer@jefferson.net,19620226,41992359,True,True,59,True,MD,Jacob,Jacobd5b01
1678,Barbara Hudson,Barbara_Hudson@robinson-jones.com,19971028,33194551,True,True,24,True,Hudson,Barbara,Barbara9d670
1683,Sherry Peterson,Sherry_Peterson@dillon-barber.com,19691126,91916671,True,True,52,True,Peterson,Sherry,Sherryc30b8
1690,Austin Bird,Austin_Bird@young-stout.com,19760515,53713179,True,True,45,True,Bird,Austin,Austin86853
1691,Matthew Oliver,Matthew_Oliver@mitchell.com,19720423,14016935,True,True,49,True,Oliver,Matthew,Matthew94edc
1694,Roger Maddox,Roger_Maddox@richards.com,19810426,86988519,True,True,40,True,Maddox,Roger,Roger6974f
1702,Kristin Higgins,Kristin_Higgins@leonard.com,19981219,58071267,True,True,23,True,Higgins,Kristin,Kristinbc84f
1723,Gilbert Johnson,Gilbert_Johnson@jones.com,19850923,97191811,True,True,36,True,Johnson,Gilbert,Gilberte0381
1724,Bryan Gutierrez,Bryan_Gutierrez@short-huerta.net,19881118,84795039,True,True,33,True,Gutierrez,Bryan,Bryanc61e8
1741,Peter Schultz,Peter_Schultz@shah.com,19570829,78301895,True,True,64,True,Schultz,Peter,Peter5fff4
1745,Karen Smith MD,Karen_Smith@washington.com,19630505,91036383,True,True,58,True,MD,Karen,Karen473c4
1747,Justin Burke,Justin_Burke@johnson.com,19961202,43401655,True,True,25,True,Burke,Justin,Justinea689
1748,Karen Erickson,Karen_Erickson@roman.org,19781004,68245335,True,True,43,True,Erickson,Karen,Karen9f253
1749,Sarah Ramsey,Sarah_Ramsey@hayes.com,19640622,63376279,True,True,57,True,Ramsey,Sarah,Sarah4c3e8
1751,Michael Chang,Michael_Chang@watkins.com,19900209,99632783,True,True,31,True,Chang,Michael,Michaele27c8
1752,Melvin Butler,Melvin_Butler@hardy.org,19571114,64154343,True,True,64,True,Butler,Melvin,Melvinba49d
1782,Pamela Hughes,Pamela_Hughes@rivas-garza.com,19570116,32117783,True,True,65,True,Hughes,Pamela,Pamelabf91b
1790,Jimmy Morris,Jimmy_Morris@hall-watkins.com,19640120,31836895,True,True,57,True,Morris,Jimmy,Jimmy25892
1792,Hailey Miller,Hailey_Miller@gay.org,19710217,44016239,True,True,50,True,Miller,Hailey,Hailey61db6
1797,Lauren Romero,Lauren_Romero@davis.com,20020425,50100783,True,True,19,True,Romero,Lauren,Laurene5750
1807,Adam Jones,Adam_Jones@kline-reeves.com,19570107,83246639,True,True,65,True,Jones,Adam,Adam2b07e
1812,Michelle Kidd,Michelle_Kidd@klein-goodman.com,19500222,80511627,True,True,71,True,Kidd,Michelle,Michellead962
1814,Matthew Murphy,Matthew_Murphy@graham.com,19600216,18189831,True,True,61,True,Murphy,Matthew,Matthew5dc4e
1819,Jessica Arroyo,Jessica_Arroyo@flores-evans.com,20021019,24971015,True,True,19,True,Arroyo,Jessica,Jessicaa6982
1829,Caleb Zuniga,Caleb_Zuniga@stone.net,19681028,36180711,True,True,53,True,Zuniga,Caleb,Caleba2d94
1840,Kenneth Walton,Kenneth_Walton@anderson.com,19950309,93358011,True,True,26,True,Walton,Kenneth,Kennethdc147
1853,Cheyenne Moreno,Cheyenne_Moreno@hampton.com,19600912,61341887,True,True,61,True,Moreno,Cheyenne,Cheyenne8048c
1864,Courtney Lopez,Courtney_Lopez@sanders.com,19710810,35323391,True,True,50,True,Lopez,Courtney,Courtney93fe3
1867,Kenneth Williamson,Kenneth_Williamson@perez.com,19541003,36169599,True,True,67,True,Williamson,Kenneth,Kennethb834c
1870,William Armstrong,William_Armstrong@richards.net,19641118,25119611,True,True,57,True,Armstrong,William,Williame8b45
1879,Bruce Browning,Bruce_Browning@robertson-baldwin.com,19631113,22984503,True,True,58,True,Browning,Bruce,Bruce1f631
1888,Shannon Gilbert,Shannon_Gilbert@brown-schaefer.com,19920613,34472903,True,True,29,True,Gilbert,Shannon,Shannoncba39
1895,Amanda Brown,Amanda_Brown@williams.com,19541218,52400391,True,True,67,True,Brown,Amanda,Amandacde99
1918,Pedro Mitchell,Pedro_Mitchell@sims.com,19610927,99595743,True,True,60,True,Mitchell,Pedro,Pedro31c89
1920,Riley Gomez,Riley_Gomez@hoffman.com,19810211,20838807,True,True,40,True,Gomez,Riley,Riley010a6
1921,Shelby Price,Shelby_Price@fuller.net,19860807,74350543,True,True,35,True,Price,Shelby,Shelbye8f96
1925,Scott Harris,Scott_Harris@mullins.com,19901214,36307567,True,True,31,True,Harris,Scott,Scottfc222
1926,Bonnie Franklin,Bonnie_Franklin@gillespie.com,19880714,22008807,True,True,33,True,Franklin,Bonnie,Bonnief8d94
1929,Ashley Morris,Ashley_Morris@marshall.net,20021001,13085855,True,True,19,True,Morris,Ashley,Ashley73a97
1936,Christopher Stark,Christopher_Stark@blackwell.com,19710307,94716219,True,True,50,True,Stark,Christopher,Christopher91945
1940,Vanessa Johnson,Vanessa_Johnson@barber.com,19601019,89236567,True,True,61,True,Johnson,Vanessa,Vanessa8fef3
1950,Robert Cabrera,Robert_Cabrera@kim.org,19950706,99768879,True,True,26,True,Cabrera,Robert,Robert1d69f
1960,Jack Jensen,Jack_Jensen@kent-williamson.net,19601229,93571087,True,True,61,True,Jensen,Jack,Jack676e2
1962,Daniel Armstrong,Daniel_Armstrong@brown.com,19820714,18991247,True,True,39,True,Armstrong,Daniel,Danielf79a4
1972,Susan Donovan,Susan_Donovan@jordan-anderson.com,19690130,85222335,True,True,52,True,Donovan,Susan,Susan6c619
1974,Michael Serrano,Michael_Serrano@turner-maldonado.com,19820711,12792543,True,True,39,True,Serrano,Michael,Michael1ec7e
1976,Michael Powell,Michael_Powell@mccall.com,19941127,63894311,True,True,27,True,Powell,Michael,Michael4f74d
1978,Alexander Lowe,Alexander_Lowe@morris.com,19610508,93074023,True,True,60,True,Lowe,Alexander,Alexander73be1
2004,Jennifer Vega,Jennifer_Vega@jenkins.net,19710307,66551251,True,True,50,True,Vega,Jennifer,Jennifer91945
2005,Denise Glass,Denise_Glass@calderon.org,19820531,77863943,True,True,39,True,Glass,Denise,Denisea6a8f
2020,Aaron Wilson,Aaron_Wilson@burke-benton.net,19870517,75053391,True,True,34,True,Wilson,Aaron,Aaron6845c
2028,Samuel Lee,Samuel_Lee@gardner-rodriguez.net,19740902,57636831,True,True,47,True,Lee,Samuel,Samueld3d5c
2037,Jennifer Weaver,Jennifer_Weaver@patterson.com,19781015,74152151,True,True,43,True,Weaver,Jennifer,Jenniferfeb81
2038,Mr. Timothy Ortega,Timothy_Ortega@ramos.com,19980104,59312963,True,True,24,True,Ortega,Mr.,Mr.17e39
2054,Leonard Hamilton,Leonard_Hamilton@brown.com,19880229,76082775,True,True,33,True,Hamilton,Leonard,Leonardf2276
2060,Kathy Phillips,Kathy_Phillips@floyd.com,19841216,57829247,True,True,37,True,Phillips,Kathy,Kathy608c9
2065,Derek Romero,Derek_Romero@ramos.org,19670806,35013079,True,True,54,True,Romero,Derek,Derekae90e
2066,Danny Simmons,Danny_Simmons@morales.com,19631013,26313911,True,True,58,True,Simmons,Danny,Dannycd946
2067,Beth Hall,Beth_Hall@brown.org,19600712,99313667,True,True,61,True,Hall,Beth,Bethae8e6
2079,Jennifer Jimenez,Jennifer_Jimenez@morgan.com,19921121,59592559,True,True,29,True,Jimenez,Jennifer,Jennifer5ed59
2089,Penny Lopez,Penny_Lopez@young-huang.net,19540925,99596291,True,True,67,True,Lopez,Penny,Penny7b621
2097,Charles Shields,Charles_Shields@oliver.org,19790407,54884063,True,True,42,True,Shields,Charles,Charles21876
2113,Christopher Cline,Christopher_Cline@conrad.org,19580228,21240567,True,True,63,True,Cline,Christopher,Christopherb17cc
2114,Victoria Lawson,Victoria_Lawson@snyder.com,19541204,24045823,True,True,67,True,Lawson,Victoria,Victoriac755d
2132,Michael Martinez,Michael_Martinez@hogan.net,19521107,40271975,True,True,69,True,Martinez,Michael,Michaelbc0fc
2136,Gregory Lambert,Gregory_Lambert@williams.org,19751007,26598607,True,True,46,True,Lambert,Gregory,Gregorya115b
2139,Samantha Sullivan,Samantha_Sullivan@cunningham-williams.com,19600423,64913455,True,True,61,True,Sullivan,Samantha,Samantha61495
2146,Dr. Paul Jones,Paul_Jones@clark-irwin.com,19940215,91301999,True,True,27,True,Jones,Dr.,Dr.f903f
2151,Danielle Tran,Danielle_Tran@mann.com,19880826,85246679,True,True,33,True,Tran,Danielle,Danielle40aaa
2173,Marissa Jones,Marissa_Jones@lewis.net,19580806,32094119,True,True,63,True,Jones,Marissa,Marissacdd9f
2175,Elijah Roy,Elijah_Roy@jones-baldwin.com,19870705,57159015,True,True,34,True,Roy,Elijah,Elijah57ef7
2182,John Fernandez Jr.,John_Fernandez@may.org,19800530,17232207,True,True,41,True,Jr.,John,Johnf6199
2184,Courtney Simpson,Courtney_Simpson@preston-cantrell.com,19731103,77314887,True,True,48,True,Simpson,Courtney,Courtney7383f
2191,Kimberly Hopkins,Kimberly_Hopkins@adams.com,19931022,67364511,True,True,28,True,Hopkins,Kimberly,Kimberly56d12
2199,William King,William_King@cline-allen.com,19841115,21561215,True,True,37,True,King,William,William4ae33
2201,Christopher Lester,Christopher_Lester@keller.org,19540405,79532575,True,True,67,True,Lester,Christopher,Christophere6d60
2205,Stephanie Robertson,Stephanie_Robertson@owen-rodriguez.com,20020805,75259367,True,True,19,True,Robertson,Stephanie,Stephaniec09d4
2211,Rickey Hill,Rickey_Hill@parker-cohen.com,19640430,56465207,True,True,57,True,Hill,Rickey,Rickeybd6cc
2212,Erika Stewart,Erika_Stewart@solis.com,19851226,83552695,True,True,36,True,Stewart,Erika,Erika40f40
2216,Gregory Allen,Gregory_Allen@stanley.net,19780122,48871907,True,True,43,True,Allen,Gregory,Gregoryc7f06
2218,Alicia Dean,Alicia_Dean@leon.org,19820716,32173895,True,True,39,True,Dean,Alicia,Aliciaa395c
2219,Christina Johnson,Christina_Johnson@clark.com,20010622,30262983,True,True,20,True,Johnson,Christina,Christina5dcd5
2226,Kelli Wells,Kelli_Wells@jones.com,19540308,27406215,True,True,67,True,Wells,Kelli,Kelli5c2c0
2232,Nathan Archer,Nathan_Archer@gray.com,19560723,72954367,True,True,65,True,Archer,Nathan,Nathanc6232
2235,Andrew Gibson,Andrew_Gibson@yu-richardson.org,19530908,15513119,True,True,68,True,Gibson,Andrew,Andrewaf2a9
2238,Ian Deleon,Ian_Deleon@mullins-espinoza.org,19860307,36389911,True,True,35,True,Deleon,Ian,Iandb554
2240,Michael Kline,Michael_Kline@phelps-alvarez.com,19650623,20968343,True,True,56,True,Kline,Michael,Michael6fe75
2242,Jay Merritt,Jay_Merritt@patterson.org,19841017,46065855,True,True,37,True,Merritt,Jay,Jay2aa87
2251,Joshua Rodriguez,Joshua_Rodriguez@thornton-benitez.com,19530317,27953967,True,True,68,True,Rodriguez,Joshua,Joshua1eec6
2263,James Rodriguez,James_Rodriguez@logan.com,19810717,50981423,True,True,40,True,Rodriguez,James,Jamesa7ea3
2269,Robert Ortega,Robert_Ortega@perez.com,19600316,57040695,True,True,61,True,Ortega,Robert,Robert7f647
2273,Teresa Ruiz,Teresa_Ruiz@holmes.com,19510904,22432447,True,True,70,True,Ruiz,Teresa,Teresae89df
2274,Madison Mejia,Madison_Mejia@sims.com,19530323,73824679,True,True,68,True,Mejia,Madison,Madison10b0a
2281,James Bailey,James_Bailey@flynn.net,19861007,26146743,True,True,35,True,Bailey,James,Jamesb3b3b
2282,Mary Perry,Mary_Perry@williams.net,19730808,57879711,True,True,48,True,Perry,Mary,Marye8625
2287,Crystal Jones,Crystal_Jones@webb.com,19620914,39588047,True,True,59,True,Jones,Crystal,Crystal85733
2295,Aaron Brown,Aaron_Brown@yates.com,19860502,43815191,True,True,35,True,Brown,Aaron,Aaron9035e
2308,Brian Contreras,Brian_Contreras@hill.net,19650708,89794399,True,True,56,True,Contreras,Brian,Brian91010
2311,Tanya Barajas,Tanya_Barajas@davis.com,19740430,92793871,True,True,47,True,Barajas,Tanya,Tanyac09f8
2313,Ashley Frost,Ashley_Frost@brown-hill.com,19521020,16473423,True,True,69,True,Frost,Ashley,Ashleyddfa1
2315,Samantha Rasmussen,Samantha_Rasmussen@stokes-leon.com,19940621,26634223,True,True,27,True,Rasmussen,Samantha,Samantha0fcc4
2321,Erica Weber,Erica_Weber@harris-fox.com,19930809,20074939,True,True,28,True,Weber,Erica,Ericab3165
2322,Amanda Campbell,Amanda_Campbell@parker.com,19810324,21954431,True,True,40,True,Campbell,Amanda,Amandafe47b
2328,Vincent Martin,Vincent_Martin@wright-lee.com,19840124,55457087,True,True,37,True,Martin,Vincent,Vincent92713
2339,Tony Crawford,Tony_Crawford@moore.com,19870818,15997263,True,True,34,True,Crawford,Tony,Tonya2a35
2343,Randy Sullivan,Randy_Sullivan@perez.net,19611025,15665967,True,True,60,True,Sullivan,Randy,Randy7d828
2349,Kimberly Thompson,Kimberly_Thompson@brewer-walters.net,20001211,88531623,True,True,21,True,Thompson,Kimberly,Kimberly77cc8
2351,William Hopkins,William_Hopkins@snyder.com,20010104,12277875,True,True,21,True,Hopkins,William,Williamcfbfa
2352,Martin Compton,Martin_Compton@morgan.com,19840602,42037887,True,True,37,True,Compton,Martin,Martin395a9
2370,Anthony Gross,Anthony_Gross@pratt.com,19660423,92193723,True,True,55,True,Gross,Anthony,Anthony9a287
2390,Tracy Brown,Tracy_Brown@joyce.com,19720823,26044711,True,True,49,True,Brown,Tracy,Tracy8baf8
2399,Brenda Turner,Brenda_Turner@hampton.org,19550726,94128415,True,True,66,True,Turner,Brenda,Brendaf9621
2400,James Stanley,James_Stanley@beltran.com,20011008,51351887,True,True,20,True,Stanley,James,Jamesa95cd
2401,Matthew Brown,Matthew_Brown@owens.org,19720606,21970879,True,True,49,True,Brown,Matthew,Matthew743de
2407,Norma Jenkins,Norma_Jenkins@larson.com,19570323,78071863,True,True,64,True,Jenkins,Norma,Normae5537
2413,Christopher Greene,Christopher_Greene@berry.org,19880101,82039695,True,True,34,True,Greene,Christopher,Christopherff18a
2422,Leslie Preston,Leslie_Preston@johns.com,19720510,71892959,True,True,49,True,Preston,Leslie,Leslied0922
2427,Jay Parker,Jay_Parker@fowler.net,19930930,57583783,True,True,28,True,Parker,Jay,Jay311d6
2429,Lance Williams,Lance_Williams@williams.net,19730807,19310567,True,True,48,True,Williams,Lance,Lance44d67
2437,Carl Taylor,Carl_Taylor@melendez.com,19750112,27075015,True,True,47,True,Taylor,Carl,Carl10cf5
2446,Brenda Dean,Brenda_Dean@allison-hill.com,19690215,55037019,True,True,52,True,Dean,Brenda,Brenda33bcc
2447,Kathleen Allen,Kathleen_Allen@cook.com,19860113,38829559,True,True,35,True,Allen,Kathleen,Kathleenb02ca
2452,Patricia Olsen,Patricia_Olsen@haynes-blankenship.com,19981124,70673187,True,True,23,True,Olsen,Patricia,Patricia98e22
2454,Marie Lamb,Marie_Lamb@hampton.com,19790410,26841263,True,True,42,True,Lamb,Marie,Marie5dc6d
2455,Nathan Flores,Nathan_Flores@gibbs.net,19790409,86883135,True,True,42,True,Flores,Nathan,Nathana43fb
2464,Ashley Caldwell,Ashley_Caldwell@mason-bryant.com,19880903,13420663,True,True,33,True,Caldwell,Ashley,Ashleyaa013
2470,David Frank,David_Frank@reyes-thomas.com,19680928,31192639,True,True,53,True,Frank,David,David97c93
2485,Renee Martin,Renee_Martin@crawford-walker.com,19810421,55803823,True,True,40,True,Martin,Renee,Reneecaab2
2493,Keith Parker,Keith_Parker@moore.com,19640826,40120471,True,True,57,True,Parker,Keith,Keith0793e
2496,Ernest Blake,Ernest_Blake@long.com,19990621,27155511,True,True,22,True,Blake,Ernest,Ernested155
2516,Melissa Levy,Melissa_Levy@arroyo.com,19500330,51842935,True,True,71,True,Levy,Melissa,Melissabef91
2517,Brandon Powell,Brandon_Powell@craig-gonzales.net,19760606,43375815,True,True,45,True,Powell,Brandon,Brandonfe4b6
2518,Vanessa Alvarez,Vanessa_Alvarez@allen.org,20000924,42263183,True,True,21,True,Alvarez,Vanessa,Vanessa579c3
2537,Lisa Holloway MD,Lisa_Holloway@brown.com,19720102,73751431,True,True,50,True,MD,Lisa,Lisa485d0
2541,Kimberly Stone,Kimberly_Stone@murphy-bryant.com,19940512,25323999,True,True,27,True,Stone,Kimberly,Kimberly1d9aa
2543,Adam Jones,Adam_Jones@ashley.com,19730316,55082935,True,True,48,True,Jones,Adam,Adam575ba
2552,Richard Tucker,Richard_Tucker@murphy.com,19710625,53838335,True,True,50,True,Tucker,Richard,Richard0eb60
2553,Elizabeth Andersen,Elizabeth_Andersen@baker.com,19740123,69096535,True,True,47,True,Andersen,Elizabeth,Elizabeth61066
2561,Destiny Lutz,Destiny_Lutz@thompson-wright.com,19940412,87853607,True,True,27,True,Lutz,Destiny,Destiny3427f
2565,Brandy Allen,Brandy_Allen@hardy-griffin.com,19810113,92130799,True,True,40,True,Allen,Brandy,Brandy54dd1
2566,Stephanie Decker,Stephanie_Decker@barrett.net,19770905,92626639,True,True,44,True,Decker,Stephanie,Stephanie0c2ca
2570,Michelle Keller,Michelle_Keller@johnson.com,19510607,56139711,True,True,70,True,Keller,Michelle,Michelle80065
2577,Stacey Yates,Stacey_Yates@lewis.com,19921208,30115967,True,True,29,True,Yates,Stacey,Stacey0613f
2582,Sue Lee,Sue_Lee@rojas.com,19860829,97367575,True,True,35,True,Lee,Sue,Suef9df7
2583,Anna Long,Anna_Long@coleman.com,19740316,52566967,True,True,47,True,Long,Anna,Anna850ab
2590,Annette Watson,Annette_Watson@brown-brennan.com,19580423,67851175,True,True,63,True,Watson,Annette,Annette6dc0c
2598,Robert Perez,Robert_Perez@anderson-shaw.net,19690528,38876643,True,True,52,True,Perez,Robert,Robert6ff11
2602,James Thomas,James_Thomas@torres.net,19520509,58718239,True,True,69,True,Thomas,James,James6cc50
2613,Kelli Olson,Kelli_Olson@campbell.net,19960723,50265023,True,True,25,True,Olson,Kelli,Kelli50aa7
2619,Nicholas Hughes,Nicholas_Hughes@reed-wilson.org,19620408,27277679,True,True,59,True,Hughes,Nicholas,Nicholasc8092
2635,Becky Reid,Becky_Reid@vargas.net,19751027,37025287,True,True,46,True,Reid,Becky,Becky1bdd4
2643,Corey Mitchell,Corey_Mitchell@turner-thompson.org,19560302,65463735,True,True,65,True,Mitchell,Corey,Corey14c43
2644,Wesley Shaw,Wesley_Shaw@henderson-gibson.com,19830121,76819471,True,True,38,True,Shaw,Wesley,Wesleyafe1c
2648,Pamela Boyd,Pamela_Boyd@freeman.com,19680628,25030751,True,True,53,True,Boyd,Pamela,Pamela94bd7
2656,Jeremy Lewis,Jeremy_Lewis@murray.com,19530107,44159519,True,True,69,True,Lewis,Jeremy,Jeremy644d9
2668,Jennifer Garza,Jennifer_Garza@herrera-klein.com,19890603,31999455,True,True,32,True,Garza,Jennifer,Jenniferbe6d1
2678,Larry Wilson,Larry_Wilson@perry.com,19670221,56158527,True,True,54,True,Wilson,Larry,Larry0ce7d
2679,Joshua Thompson,Joshua_Thompson@morrow.com,19840830,98999803,True,True,37,True,Thompson,Joshua,Joshua9e058
2709,Dennis Williams,Dennis_Williams@rivas.com,19661107,93993079,True,True,55,True,Williams,Dennis,Dennis874b3
2716,Karen Morton,Karen_Morton@romero.com,19910410,36838791,True,True,30,True,Morton,Karen,Karene4bde
2723,Joseph Perry,Joseph_Perry@tucker.com,19510616,16254071,True,True,70,True,Perry,Joseph,Josephb530f
2725,Heather Herman,Heather_Herman@williams-lindsey.com,19710606,97877423,True,True,50,True,Herman,Heather,Heather0ab62
2729,Travis Johnson,Travis_Johnson@miller-rivera.org,19960805,56146735,True,True,25,True,Johnson,Travis,Travis76064
2733,Laura Lopez,Laura_Lopez@rodriguez.com,19901221,72627367,True,True,31,True,Lopez,Laura,Lauraea347
2737,Joel Webb,Joel_Webb@solis-swanson.com,19891009,37839071,True,True,32,True,Webb,Joel,Joel5b693
2754,Donna Malone,Donna_Malone@brown.com,19521007,89038207,True,True,69,True,Malone,Donna,Donna73ad1
2770,Reginald Barnes,Reginald_Barnes@walker-robinson.com,19730214,19884399,True,True,48,True,Barnes,Reginald,Reginaldf462c
2780,Brett House,Brett_House@rose-clarke.com,19841126,98114087,True,True,37,True,House,Brett,Brett3cb13
2781,Robert Weaver,Robert_Weaver@young-leonard.com,19820218,39131199,True,True,39,True,Weaver,Robert,Robert201e1
2785,Beth Martinez,Beth_Martinez@johnson.com,19681225,87909191,True,True,53,True,Martinez,Beth,Beth204f4
2787,Nicole Small,Nicole_Small@nolan-randall.com,19570414,82553335,True,True,64,True,Small,Nicole,Nicole09b68
2788,Anthony Cline,Anthony_Cline@rivera-collier.net,19890125,64231171,True,True,32,True,Cline,Anthony,Anthonyd04f7
2789,Spencer Ware,Spencer_Ware@montgomery-lane.com,19801009,74599951,True,True,41,True,Ware,Spencer,Spencer0b5e6
2790,Willie Erickson,Willie_Erickson@bartlett.com,19910110,53673855,True,True,30,True,Erickson,Willie,Willie3df9d
2802,Daniel Nguyen,Daniel_Nguyen@mccall.com,19590903,37673823,True,True,62,True,Nguyen,Daniel,Daniel6a5e7
2819,Leonard Martinez,Leonard_Martinez@mcbride.com,19560922,14452319,True,True,65,True,Martinez,Leonard,Leonard7564a
2833,Jamie Higgins,Jamie_Higgins@francis.org,19611014,27639911,True,True,60,True,Higgins,Jamie,Jamied6968
2838,Thomas Forbes,Thomas_Forbes@beck.com,19591023,25036935,True,True,62,True,Forbes,Thomas,Thomas60d80
2840,Robert Stephens,Robert_Stephens@lopez.com,20000619,92784815,True,True,21,True,Stephens,Robert,Robert5a6e3
2843,Kevin Mayo,Kevin_Mayo@pope-jones.com,19761029,76234311,True,True,45,True,Mayo,Kevin,Kevind6f2e
2851,Jennifer Evans,Jennifer_Evans@gonzalez.org,19730302,72801079,True,True,48,True,Evans,Jennifer,Jenniferbc26e
2858,Daniel Chen,Daniel_Chen@little.com,19520716,46750383,True,True,69,True,Chen,Daniel,Daniel7d3b1
2861,Samuel Dalton,Samuel_Dalton@marquez.com,19960916,75194711,True,True,25,True,Dalton,Samuel,Samuel32ce4
2866,Rebecca Gallagher MD,Rebecca_Gallagher@miller-carter.org,19670916,48595111,True,True,54,True,MD,Rebecca,Rebecca35232
2873,Heather Bennett,Heather_Bennett@hamilton-blair.com,20020105,64795847,True,True,20,True,Bennett,Heather,Heatherdcbc8
2874,Joshua King,Joshua_King@hale.net,20000106,99342223,True,True,22,True,King,Joshua,Joshua89592
2887,Crystal Blake,Crystal_Blake@parker.com,19701117,97878511,True,True,51,True,Blake,Crystal,Crystale7660
2893,Heather Combs,Heather_Combs@powell.com,19590428,18518647,True,True,62,True,Combs,Heather,Heather2d19f
2902,Amanda Evans,Amanda_Evans@cox.com,19590224,92559519,True,True,62,True,Evans,Amanda,Amanda62a52
2911,Sergio Day,Sergio_Day@guzman-garrett.com,19510531,27091295,True,True,70,True,Day,Sergio,Sergio69b70
2917,Julie Boyd,Julie_Boyd@white-george.com,19690906,47949079,True,True,52,True,Boyd,Julie,Julie9e514
2918,Tara Barnes,Tara_Barnes@shepherd.com,19540801,42232079,True,True,67,True,Barnes,Tara,Tarabc727
2925,Logan Watkins,Logan_Watkins@hernandez.com,20000511,87081215,True,True,21,True,Watkins,Logan,Loganc9964
2932,Steven Ortiz,Steven_Ortiz@hamilton.com,19670605,15073183,True,True,54,True,Ortiz,Steven,Stevenc84c2
2944,Lisa Marquez,Lisa_Marquez@day-smith.com,19710326,18443671,True,True,50,True,Marquez,Lisa,Lisa7aa36
2945,Sergio Hughes,Sergio_Hughes@cardenas.com,19810309,86954943,True,True,40,True,Hughes,Sergio,Sergio0c3d2
2958,Destiny Rojas,Destiny_Rojas@stanton.com,19860121,27351983,True,True,35,True,Rojas,Destiny,Destiny1f285
2961,Danny Lewis,Danny_Lewis@turner.com,19521225,41036747,True,True,69,True,Lewis,Danny,Danny07faf
2962,Jennifer Martin,Jennifer_Martin@moore.com,19830527,83212175,True,True,38,True,Martin,Jennifer,Jennifer82381
2969,Arthur Chandler,Arthur_Chandler@martin.com,19610210,18438007,True,True,60,True,Chandler,Arthur,Arthur4ab75
2988,Cheryl Crosby,Cheryl_Crosby@bowman-potter.com,19580930,54032091,True,True,63,True,Crosby,Cheryl,Cheryl9b4b3
2991,Ronald Hudson,Ronald_Hudson@carson.com,19511003,66192423,True,True,70,True,Hudson,Ronald,Ronald01af1
2993,Jennifer Lee,Jennifer_Lee@guerra-lopez.com,19500104,35305031,True,True,72,True,Lee,Jennifer,Jenniferd7999
2999,Gregory Yoder,Gregory_Yoder@robinson-johnson.com,19530620,75705319,True,True,68,True,Yoder,Gregory,Gregory70108
3015,Carolyn Harmon,Carolyn_Harmon@watts-horn.com,19980124,55977599,True,True,23,True,Harmon,Carolyn,Carolyn69598
3031,Dr. Christopher Harrell,Christopher_Harrell@lindsey.com,19700630,52999479,True,True,51,True,Harrell,Dr.,Dr.7257b
3033,Kevin Johnson,Kevin_Johnson@rogers.com,19930802,15154639,True,True,28,True,Johnson,Kevin,Kevina67f3
3053,Michael Harrison,Michael_Harrison@franklin.com,19510819,29087871,True,True,70,True,Harrison,Michael,Michael087c8
3058,Megan Montoya,Megan_Montoya@perez-rice.org,19780907,29894903,True,True,43,True,Montoya,Megan,Meganb67c7
3075,Terry Moore,Terry_Moore@barker-ayers.com,19870615,19828167,True,True,34,True,Moore,Terry,Terryc62aa
3076,James Rogers,James_Rogers@green.net,19930704,65821255,True,True,28,True,Rogers,James,James656af
3079,Kathleen Tran,Kathleen_Tran@wilson.net,19740211,20044927,True,True,47,True,Tran,Kathleen,Kathleenb0eca
3088,Jacqueline Conway,Jacqueline_Conway@robinson-carson.com,19710617,91842383,True,True,50,True,Conway,Jacqueline,Jacquelineae427
3095,Chad Clark,Chad_Clark@hodges.com,19610919,54277383,True,True,60,True,Clark,Chad,Chad35061
3096,Maxwell Cole,Maxwell_Cole@larson.com,19510203,41796463,True,True,70,True,Cole,Maxwell,Maxwell92aa4
3098,Bethany Williamson,Bethany_Williamson@flores.com,19540310,40227935,True,True,67,True,Williamson,Bethany,Bethany2b72a
3103,Joseph Wright,Joseph_Wright@powell.net,19570521,40768583,True,True,64,True,Wright,Joseph,Josephf1b73
3114,Thomas Rogers,Thomas_Rogers@banks-perkins.net,19970819,36072875,True,True,24,True,Rogers,Thomas,Thomas3818b
3118,Jenny Lewis,Jenny_Lewis@flores.com,19970706,62475987,True,True,24,True,Lewis,Jenny,Jenny11948
3119,Heidi Bolton,Heidi_Bolton@spencer.com,19560616,58079023,True,True,65,True,Bolton,Heidi,Heidi06e0a
3126,Daniel Lewis,Daniel_Lewis@robertson.com,19770205,48084439,True,True,44,True,Lewis,Daniel,Daniele0082
3127,Dale Ramirez,Dale_Ramirez@patton.com,19550323,59875791,True,True,66,True,Ramirez,Dale,Dale63293
3135,Carol Sharp,Carol_Sharp@garcia-lamb.com,19750312,18014567,True,True,46,True,Sharp,Carol,Carol7f0b3
3138,Joseph Buck,Joseph_Buck@jacobs.com,19520311,34270063,True,True,69,True,Buck,Joseph,Joseph542b9
3141,Lynn Anderson,Lynn_Anderson@williams-carter.com,19960113,75488911,True,True,25,True,Anderson,Lynn,Lynn542fb
3162,Andrew Gallagher,Andrew_Gallagher@frank.org,19600921,19919923,True,True,61,True,Gallagher,Andrew,Andrew490a6
3184,Emily Andrews,Emily_Andrews@reyes-singh.com,19550427,20594859,True,True,66,True,Andrews,Emily,Emilybbb39
3190,Sarah Harris,Sarah_Harris@thomas-sanchez.com,20010530,52442775,True,True,20,True,Harris,Sarah,Sarah526ca
3192,Tina Wood,Tina_Wood@schultz.org,19990824,51264359,True,True,22,True,Wood,Tina,Tinae9467
3194,Victor Owens,Victor_Owens@collins.com,19960815,53064383,True,True,25,True,Owens,Victor,Victor620f1
3198,Kimberly Koch,Kimberly_Koch@rodriguez.net,19870125,35893839,True,True,34,True,Koch,Kimberly,Kimberly43971
3199,Allison Obrien,Allison_Obrien@bailey-sanders.com,19620423,81154631,True,True,59,True,Obrien,Allison,Allison00e34
3204,John Rogers,John_Rogers@oneill.com,19710905,21046575,True,True,50,True,Rogers,John,John160f6
3208,Laura Bailey,Laura_Bailey@snyder.com,19700811,56551543,True,True,51,True,Bailey,Laura,Laura13f67
3216,Janet Collins,Janet_Collins@farrell.com,19840721,89424095,True,True,37,True,Collins,Janet,Janet120bd
3233,Paul Ward,Paul_Ward@sanchez-larsen.org,19550908,19119523,True,True,66,True,Ward,Paul,Paula0e70
3235,Kristin Lawson,Kristin_Lawson@salinas.com,19760111,36661711,True,True,46,True,Lawson,Kristin,Kristincbf97
3238,James Castaneda,James_Castaneda@miller-hart.com,19640126,64715807,True,True,57,True,Castaneda,James,James7660a
3244,Michael Middleton,Michael_Middleton@williams-zamora.com,19810804,85114431,True,True,40,True,Middleton,Michael,Michael02dfc
3247,Robert Ortiz,Robert_Ortiz@saunders-hunter.com,19761108,80296223,True,True,45,True,Ortiz,Robert,Robert66abd
3249,Doris Meyer,Doris_Meyer@sullivan.org,19720902,22782935,True,True,49,True,Meyer,Doris,Doriscf219
3250,Connie Harper,Connie_Harper@lewis.com,19950627,21369119,True,True,26,True,Harper,Connie,Connie709ac
3251,Tyler Parker,Tyler_Parker@sheppard.org,19541202,29910975,True,True,67,True,Parker,Tyler,Tyler2b641
3259,Debbie Burns,Debbie_Burns@salinas.com,19830806,95570935,True,True,38,True,Burns,Debbie,Debbief2b3a
3262,Gabriel Preston,Gabriel_Preston@black.com,19961120,88336263,True,True,25,True,Preston,Gabriel,Gabrielb6298
3269,Megan Sullivan,Megan_Sullivan@miller-ryan.org,19550223,31498887,True,True,66,True,Sullivan,Megan,Megan40445
3272,Steven Hodges,Steven_Hodges@sanchez-phillips.com,19510903,65795715,True,True,70,True,Hodges,Steven,Steven0c95a
3274,Brandon Orozco,Brandon_Orozco@greene.com,19870717,59988495,True,True,34,True,Orozco,Brandon,Brandon02d2b
3279,Kari Nguyen,Kari_Nguyen@farley.com,19991119,47980591,True,True,22,True,Nguyen,Kari,Kari6f546
3301,Brittany Hill,Brittany_Hill@rogers-hoffman.com,19870605,90817791,True,True,34,True,Hill,Brittany,Brittany2c87a
3340,Carrie Martinez,Carrie_Martinez@hendrix.com,19740124,96107743,True,True,47,True,Martinez,Carrie,Carriea7c33
3341,Jeffery Hill,Jeffery_Hill@cook-lloyd.com,19591223,26071551,True,True,62,True,Hill,Jeffery,Jefferye24f9
3343,Linda White,Linda_White@moore.com,19751015,84876711,True,True,46,True,White,Linda,Lindae9960
3344,Jake Spencer,Jake_Spencer@murphy.com,20020509,53533879,True,True,19,True,Spencer,Jake,Jakec21d7
3354,Joseph Chan,Joseph_Chan@hutchinson-gutierrez.com,19660922,19544079,True,True,55,True,Chan,Joseph,Josephf9d1e
3361,Sara Dominguez,Sara_Dominguez@delgado.com,19860220,69114407,True,True,35,True,Dominguez,Sara,Sara40133
3362,Gabriel Short,Gabriel_Short@fitzgerald-atkinson.org,19860901,93491919,True,True,35,True,Short,Gabriel,Gabriel9127e
3363,Kathleen Ali,Kathleen_Ali@horn-rogers.com,19960602,45338687,True,True,25,True,Ali,Kathleen,Kathleena2746
3376,Danielle Stephens,Danielle_Stephens@miller.net,19610929,16838823,True,True,60,True,Stephens,Danielle,Daniellebaaae
3390,Mrs. Sarah Rios,Sarah_Rios@winters.org,19691223,77288975,True,True,52,True,Rios,Mrs.,Mrs.86530
3393,Ann Wolf,Ann_Wolf@wilkins.com,19801112,26916187,True,True,41,True,Wolf,Ann,Anndbc29
3400,Brianna Schaefer,Brianna_Schaefer@nelson-mcmahon.com,19761203,34700887,True,True,45,True,Schaefer,Brianna,Briannaac7f3
3404,Angela Morris,Angela_Morris@murray.com,19760702,89409391,True,True,45,True,Morris,Angela,Angela9ba0c
3409,Victoria Jones,Victoria_Jones@camacho.org,19810310,60715727,True,True,40,True,Jones,Victoria,Victoriaf0e85
3421,Cristian Kelley,Cristian_Kelley@taylor-colon.net,19510108,22272647,True,True,71,True,Kelley,Cristian,Cristianf3101
3427,Jeffrey Turner,Jeffrey_Turner@robinson.com,19840112,30152387,True,True,37,True,Turner,Jeffrey,Jeffreya2281
3431,Jesse Perry,Jesse_Perry@marsh.net,19691013,45471479,True,True,52,True,Perry,Jesse,Jesse1c3c6
3432,Ricardo Cruz,Ricardo_Cruz@salazar-manning.com,19780205,83436279,True,True,43,True,Cruz,Ricardo,Ricardo7bf56
3439,Jessica Smith,Jessica_Smith@walsh-steele.com,19510531,97984639,True,True,70,True,Smith,Jessica,Jessica69b70
3445,Brenda Long,Brenda_Long@carter.net,19510914,45992583,True,True,70,True,Long,Brenda,Brendaf0fca
3446,Megan Taylor,Megan_Taylor@montgomery.com,19930510,12610975,True,True,28,True,Taylor,Megan,Megan757b6
3468,Kelly Morales,Kelly_Morales@sanchez.com,19800227,44799815,True,True,41,True,Morales,Kelly,Kelly3cabc
3472,Sheri Johnson,Sheri_Johnson@lucas.com,19880422,34118127,True,True,33,True,Johnson,Sheri,Sheri5c594
3484,Lori Pacheco,Lori_Pacheco@ayala.com,19620630,94662495,True,True,59,True,Pacheco,Lori,Lori7ccf5
3488,Sandra Schmidt,Sandra_Schmidt@herrera.com,19590711,50638143,True,True,62,True,Schmidt,Sandra,Sandrabe25c
3492,Ms. Rachel Hill,Rachel_Hill@gutierrez.com,19541202,55824367,True,True,67,True,Hill,Ms.,Ms.2b641
3498,Emily Case,Emily_Case@lewis.com,19850508,90216215,True,True,36,True,Case,Emily,Emily1fe51
3499,Seth Alvarez,Seth_Alvarez@conrad.com,19800108,90929927,True,True,42,True,Alvarez,Seth,Sethaf321
3503,Jose Reyes,Jose_Reyes@garcia.com,19700929,94563263,True,True,51,True,Reyes,Jose,Jose0a636
3505,Corey Russo,Corey_Russo@ramirez-williams.org,19560501,61159511,True,True,65,True,Russo,Corey,Corey0a99e
3509,Zachary Le,Zachary_Le@whitaker.com,19851028,56441999,True,True,36,True,Le,Zachary,Zachary44e84
3511,Rhonda Anthony,Rhonda_Anthony@lawson.com,19740915,12850551,True,True,47,True,Anthony,Rhonda,Rhonda91ec3
3512,Joseph Hill,Joseph_Hill@rodriguez-newton.com,20020923,89902687,True,True,19,True,Hill,Joseph,Joseph0d4d9
3513,Erin Davis,Erin_Davis@sanchez.net,19600917,22992863,True,True,61,True,Davis,Erin,Erindbcb2
3514,Lucas Brown,Lucas_Brown@miller.com,19891101,34675679,True,True,32,True,Brown,Lucas,Lucas1ebf8
3519,William Garcia,William_Garcia@powell.com,19850912,25729991,True,True,36,True,Garcia,William,William72e9b
3522,Anthony Mills,Anthony_Mills@chang.org,19831003,16676751,True,True,38,True,Mills,Anthony,Anthony02d28
3527,Lauren Swanson,Lauren_Swanson@pena-pierce.com,19610921,85204407,True,True,60,True,Swanson,Lauren,Laurenb3ea5
3533,John Frank,John_Frank@martin.com,19500519,42691023,True,True,71,True,Frank,John,John4dfb9
3537,Tony Perry,Tony_Perry@lewis-holland.com,19730910,11231827,True,True,48,True,Perry,Tony,Tonyd9da1
3541,Nicole Schmidt,Nicole_Schmidt@stephens.com,19651109,86157423,True,True,56,True,Schmidt,Nicole,Nicole54bf2
3544,Nathan Gray,Nathan_Gray@scott-gonzalez.com,19960618,48983767,True,True,25,True,Gray,Nathan,Nathan15cd6
3554,Nichole Delgado,Nichole_Delgado@dixon-cruz.com,19720305,60338223,True,True,49,True,Delgado,Nichole,Nicholef68ba
3555,Raven Ford,Raven_Ford@mcdowell.com,19960213,13519207,True,True,25,True,Ford,Raven,Raven36701
3558,Jessica Hawkins,Jessica_Hawkins@cooper-hall.org,19711224,98100079,True,True,50,True,Hawkins,Jessica,Jessica43c48
3563,Marcus Rodriguez,Marcus_Rodriguez@jones.com,19690511,23424599,True,True,52,True,Rodriguez,Marcus,Marcus3a35b
3565,Daniel Grimes,Daniel_Grimes@keith.com,19821126,61518103,True,True,39,True,Grimes,Daniel,Daniel2efc5
3575,Samuel Solomon,Samuel_Solomon@wolf.net,19871230,26166751,True,True,34,True,Solomon,Samuel,Samuel23bae
3583,Katrina Miller,Katrina_Miller@grimes.com,19540308,81240247,True,True,67,True,Miller,Katrina,Katrina5c2c0
3585,Raymond Conner,Raymond_Conner@oneal-johnson.com,19970128,95736583,True,True,24,True,Conner,Raymond,Raymond71970
3587,Cory Garcia,Cory_Garcia@evans-benson.com,19550202,86555943,True,True,66,True,Garcia,Cory,Cory14ae7
3600,Lori Fuller,Lori_Fuller@gordon.com,19680101,54288255,True,True,54,True,Fuller,Lori,Lori9068b
3607,Corey Wilson,Corey_Wilson@hoover-hernandez.com,19531011,39467535,True,True,68,True,Wilson,Corey,Coreyda57e
3608,Denise Dominguez,Denise_Dominguez@long.com,19660628,28235547,True,True,55,True,Dominguez,Denise,Denisedb12a
3611,Holly James,Holly_James@macdonald.com,19641104,62732175,True,True,57,True,James,Holly,Hollye7a3a
3619,Alicia Mccarty,Alicia_Mccarty@beasley.com,19820916,57669519,True,True,39,True,Mccarty,Alicia,Aliciaa4b9d
3630,Zoe Christian,Zoe_Christian@grant.com,19990319,22170983,True,True,22,True,Christian,Zoe,Zoe90eb3
3637,Nicholas Watson,Nicholas_Watson@williams.com,19620403,72181751,True,True,59,True,Watson,Nicholas,Nicholas61db6
3640,Mrs. Shirley Ruiz,Shirley_Ruiz@house-gay.com,19720812,23759691,True,True,49,True,Ruiz,Mrs.,Mrs.956d3
3642,Victoria Wood,Victoria_Wood@proctor-baker.com,19910622,13955959,True,True,30,True,Wood,Victoria,Victoria67f27
3649,Jillian Knight,Jillian_Knight@davenport.com,19881108,20417711,True,True,33,True,Knight,Jillian,Jillian10192
3661,Ryan Fisher,Ryan_Fisher@fletcher.com,19871030,63505855,True,True,34,True,Fisher,Ryan,Ryan27703
3662,Stephanie Howe,Stephanie_Howe@allen.com,19630905,37283343,True,True,58,True,Howe,Stephanie,Stephaniea7c94
3667,Kenneth Kim,Kenneth_Kim@duran.com,19990505,37818767,True,True,22,True,Kim,Kenneth,Kennethc0e4a
3668,Andrew Macias,Andrew_Macias@douglas.com,19661013,28232535,True,True,55,True,Macias,Andrew,Andrewa4116
3674,Lisa Jackson,Lisa_Jackson@morton-lowe.com,19730114,82393203,True,True,48,True,Jackson,Lisa,Lisa89ce6
3678,Elizabeth Huffman,Elizabeth_Huffman@zamora.com,19580918,15486151,True,True,63,True,Huffman,Elizabeth,Elizabethfb25a
3684,Christina Stone,Christina_Stone@medina.com,19930320,34449775,True,True,28,True,Stone,Christina,Christina9ab9f
3692,Miranda Mata,Miranda_Mata@martin.com,19930124,61632395,True,True,28,True,Mata,Miranda,Miranda53cfc
3701,Alexander Merritt,Alexander_Merritt@butler.net,19800913,33574735,True,True,41,True,Merritt,Alexander,Alexander696fd
3708,Austin Alexander,Austin_Alexander@ortiz.com,19950418,12638703,True,True,26,True,Alexander,Austin,Austin12438
3710,Kelly Sanders,Kelly_Sanders@coleman.com,19520413,29703695,True,True,69,True,Sanders,Kelly,Kellye9c2f
3711,Matthew Jones,Matthew_Jones@arnold.com,20000615,98616991,True,True,21,True,Jones,Matthew,Matthewfae51
3717,Donna Juarez,Donna_Juarez@sanders-briggs.com,19550612,60313867,True,True,66,True,Juarez,Donna,Donnaab899
3727,Sarah David,Sarah_David@collier.net,19981216,97218247,True,True,23,True,David,Sarah,Sarah39e9f
3734,Carmen Barajas,Carmen_Barajas@smith.com,19810526,34685455,True,True,40,True,Barajas,Carmen,Carmen62836
3748,Angela Johnson,Angela_Johnson@stewart.com,19840827,62439103,True,True,37,True,Johnson,Angela,Angela5dcba
3760,Melissa Sparks,Melissa_Sparks@sanchez-stevenson.com,19930802,27530863,True,True,28,True,Sparks,Melissa,Melissaa67f3
3762,Rebecca Serrano,Rebecca_Serrano@martin.com,19650726,48396631,True,True,56,True,Serrano,Rebecca,Rebeccac59d5
3768,Michael Avila,Michael_Avila@ramirez.org,19530123,46158431,True,True,68,True,Avila,Michael,Michael70c38
3770,Katherine Hill,Katherine_Hill@tran.com,19830918,37709951,True,True,38,True,Hill,Katherine,Katherinee971e
3772,Kristin Hart,Kristin_Hart@ortega.com,19661217,36255543,True,True,55,True,Hart,Kristin,Kristin3b264
3781,Jacqueline Ho,Jacqueline_Ho@henry.com,19610131,75359367,True,True,60,True,Ho,Jacqueline,Jacqueline73551
3787,Tyler Rodriguez,Tyler_Rodriguez@nelson.com,19691123,38316039,True,True,52,True,Rodriguez,Tyler,Tylerc3743
3792,Michael Knight,Michael_Knight@davidson.com,19870408,71412263,True,True,34,True,Knight,Michael,Michaele66ab
3793,Heather Arroyo,Heather_Arroyo@martinez.com,19790709,36165719,True,True,42,True,Arroyo,Heather,Heather44022
3795,Lori Larson,Lori_Larson@flowers.com,19630807,38397103,True,True,58,True,Larson,Lori,Lori06714
3796,Lindsay Lopez,Lindsay_Lopez@foster.net,19820123,62519943,True,True,39,True,Lopez,Lindsay,Lindsayb6ee8
3797,David Vazquez,David_Vazquez@davila-beck.com,19900612,57160871,True,True,31,True,Vazquez,David,David13d09
3832,Karen Salazar,Karen_Salazar@wu-cohen.com,19950502,89394439,True,True,26,True,Salazar,Karen,Karencf1ae
3835,Sherry Hicks,Sherry_Hicks@stout-nicholson.com,19611127,12514111,True,True,60,True,Hicks,Sherry,Sherry5e5f2
3849,Jeffrey Dennis,Jeffrey_Dennis@simmons.org,19841102,25874695,True,True,37,True,Dennis,Jeffrey,Jeffrey6fd98
3853,Sarah Davila,Sarah_Davila@nash.com,19790906,46685303,True,True,42,True,Davila,Sarah,Sarah1977b
3859,Karen Oneill,Karen_Oneill@gomez.com,19921004,72265879,True,True,29,True,Oneill,Karen,Karen7278c
3873,Nicholas Mills,Nicholas_Mills@williams.com,19631001,68844231,True,True,58,True,Mills,Nicholas,Nicholasf511a
3889,Jennifer Montgomery,Jennifer_Montgomery@estrada-cole.com,19710715,53834071,True,True,50,True,Montgomery,Jennifer,Jennifer1a334
3891,Cynthia Bailey,Cynthia_Bailey@oneill.com,19790825,48942719,True,True,42,True,Bailey,Cynthia,Cynthia13beb
3899,John Wright,John_Wright@harris.com,19831019,96650335,True,True,38,True,Wright,John,Johnfefcf
3911,Kelsey Miller,Kelsey_Miller@anderson-green.com,19781107,45676055,True,True,43,True,Miller,Kelsey,Kelseyd6676
3913,Sheila Brown,Sheila_Brown@stevens-edwards.com,19821128,32490999,True,True,39,True,Brown,Sheila,Sheila565a7
3945,Lisa Moore,Lisa_Moore@ramos.com,19941119,99493567,True,True,27,True,Moore,Lisa,Lisaa6529
3946,Brianna Haynes,Brianna_Haynes@garcia.com,19980401,12153303,True,True,23,True,Haynes,Brianna,Briannadd4da
3953,Luis Brown,Luis_Brown@medina.org,19540924,86879631,True,True,67,True,Brown,Luis,Luis58eac
3958,Julian Newman,Julian_Newman@haynes.com,19580313,49873159,True,True,63,True,Newman,Julian,Julian15a27
3959,Thomas Ferguson,Thomas_Ferguson@guzman.com,19591213,28787319,True,True,62,True,Ferguson,Thomas,Thomasfb458
3960,David Swanson,David_Swanson@gregory.com,20021220,16753799,True,True,19,True,Swanson,David,David0be9c
3961,Kathryn Dyer,Kathryn_Dyer@walker.com,19591210,57873103,True,True,62,True,Dyer,Kathryn,Kathryn7b5ce
3964,Lauren Rodriguez,Lauren_Rodriguez@soto.com,19931016,27106623,True,True,28,True,Rodriguez,Lauren,Laurena9b99
3972,Jeffrey Rodriguez,Jeffrey_Rodriguez@trujillo.com,19900331,56472143,True,True,31,True,Rodriguez,Jeffrey,Jeffreyf1303
3973,Richard Anderson,Richard_Anderson@white.com,19580607,66751511,True,True,63,True,Anderson,Richard,Richard7118f
3975,Andrea Huynh,Andrea_Huynh@dixon-smith.com,19890929,26799851,True,True,32,True,Huynh,Andrea,Andrea1735e
3988,Brian Allen,Brian_Allen@conway.com,19560101,93233303,True,True,66,True,Allen,Brian,Brian013af
3990,Jacqueline Peck,Jacqueline_Peck@smith-miller.com,19590210,60512219,True,True,62,True,Peck,Jacqueline,Jacqueline723a2
3997,Jessica Lee,Jessica_Lee@brown-baxter.com,19670124,89410823,True,True,54,True,Lee,Jessica,Jessica7f12f
3999,Desiree Pham,Desiree_Pham@gomez.org,19980918,21659871,True,True,23,True,Pham,Desiree,Desiree2772e
4004,Martin Allen,Martin_Allen@steele.com,20020924,99969439,True,True,19,True,Allen,Martin,Martin7a4f2
4005,Jason Mcdaniel,Jason_Mcdaniel@wood.com,19650403,68591887,True,True,56,True,Mcdaniel,Jason,Jason50061
4014,Angela Mitchell,Angela_Mitchell@moreno-evans.com,19690105,50190223,True,True,53,True,Mitchell,Angela,Angela06d3f
4017,Derrick Sanchez,Derrick_Sanchez@mitchell.com,19700424,97980535,True,True,51,True,Sanchez,Derrick,Derrick9f266
4018,Angela Ruiz,Angela_Ruiz@ramirez.org,19980922,32048807,True,True,23,True,Ruiz,Angela,Angela4fd0b
4021,David Weaver,David_Weaver@eaton.org,19920527,13469943,True,True,29,True,Weaver,David,David3aeb5
4023,Bryan Lewis,Bryan_Lewis@guerrero-harris.org,19660307,41243367,True,True,55,True,Lewis,Bryan,Bryanef96d
4032,Christine Ellis,Christine_Ellis@blackwell.com,19980617,69393823,True,True,23,True,Ellis,Christine,Christineb9ff0
4040,Amanda Rodriguez,Amanda_Rodriguez@wagner.org,19670215,45111815,True,True,54,True,Rodriguez,Amanda,Amandab6c10
4044,Alyssa Salinas,Alyssa_Salinas@robbins.com,19980710,41363847,True,True,23,True,Salinas,Alyssa,Alyssa8ad1c
4060,Mr. Kevin Walsh,Kevin_Walsh@hamilton.net,19920805,63251375,True,True,29,True,Walsh,Mr.,Mr.8cd29
4061,Stuart Daniels,Stuart_Daniels@castro.com,20020317,38551603,True,True,19,True,Daniels,Stuart,Stuartc934d
4064,Kenneth Knox,Kenneth_Knox@zamora.com,19990626,47904991,True,True,22,True,Knox,Kenneth,Kennethd64ed
4065,Steve Mitchell,Steve_Mitchell@adkins-russell.com,19751027,98789479,True,True,46,True,Mitchell,Steve,Steve1bdd4
4066,Craig Hendricks,Craig_Hendricks@garcia-higgins.com,19951018,51721063,True,True,26,True,Hendricks,Craig,Craiga352c
4068,Ricky Kerr,Ricky_Kerr@gonzalez-martinez.com,19510625,43238807,True,True,70,True,Kerr,Ricky,Rickya02d8
4076,Gloria Aguilar,Gloria_Aguilar@dorsey-donaldson.com,19690606,69773231,True,True,52,True,Aguilar,Gloria,Gloriad3661
4098,Mr. Gerald Hall PhD,Gerald_Hall@kim-chapman.com,19711007,53954823,True,True,50,True,PhD,Mr.,Mr.0bc14
4105,Alexander Knight,Alexander_Knight@doyle.com,19740812,41639975,True,True,47,True,Knight,Alexander,Alexander7e064
4112,Joseph Cross,Joseph_Cross@mason-shaw.net,19530126,35750023,True,True,68,True,Cross,Joseph,Joseph36c08
4115,Dr. Joel Myers PhD,Joel_Myers@smith-willis.net,19720920,49665991,True,True,49,True,PhD,Dr.,Dr.1466d
4126,Michael Mckee,Michael_Mckee@gordon.com,20000917,87409327,True,True,21,True,Mckee,Michael,Michael92c0e
4128,Roy Park,Roy_Park@rodriguez-west.com,19551029,69451423,True,True,66,True,Park,Roy,Roya639e
4147,Walter Wiggins,Walter_Wiggins@chen-morris.org,19790522,12487311,True,True,42,True,Wiggins,Walter,Walter71b94
4149,Jonathan Castro,Jonathan_Castro@sandoval.com,19700409,95059239,True,True,51,True,Castro,Jonathan,Jonathan49d90
4150,Richard Carroll,Richard_Carroll@massey-gardner.com,19610526,61422551,True,True,60,True,Carroll,Richard,Richard78391
4160,Michelle Fletcher,Michelle_Fletcher@anderson.com,19831024,15665159,True,True,38,True,Fletcher,Michelle,Michellee6fff
4166,Carol Murphy,Carol_Murphy@lowe.com,19640317,54241135,True,True,57,True,Murphy,Carol,Carolecd95
4186,Michael Russell,Michael_Russell@orozco.com,19680308,24280095,True,True,53,True,Russell,Michael,Michael203e4
4196,Shawna Andrews,Shawna_Andrews@freeman.com,19981115,12022295,True,True,23,True,Andrews,Shawna,Shawna776f9
4205,Dana Hernandez,Dana_Hernandez@jackson.com,19940126,50236391,True,True,27,True,Hernandez,Dana,Dana3d7b1
4219,Lauren Harris,Lauren_Harris@long.com,19780811,42605007,True,True,43,True,Harris,Lauren,Laurene20bd
4226,Andrea Dennis,Andrea_Dennis@smith-goodman.com,19570926,17153399,True,True,64,True,Dennis,Andrea,Andrea14df3
4227,John Mendoza,John_Mendoza@mahoney.com,19850519,85845135,True,True,36,True,Mendoza,John,Johnfa60d
4230,Robert Johnson,Robert_Johnson@mathis.org,19571114,59478743,True,True,64,True,Johnson,Robert,Robertba49d
4241,Jeremy Krueger,Jeremy_Krueger@haley.com,19830715,37358751,True,True,38,True,Krueger,Jeremy,Jeremyb37c9
4258,Wendy Smith,Wendy_Smith@smith-webb.com,19700128,60349279,True,True,51,True,Smith,Wendy,Wendy85c0b
4259,Leslie Diaz,Leslie_Diaz@thomas-shelton.com,19570430,57506727,True,True,64,True,Diaz,Leslie,Leslie0bd1d
4261,Grant Snyder,Grant_Snyder@gonzales.com,19731031,23872143,True,True,48,True,Snyder,Grant,Grantd3f05
4266,Brandi Jenkins,Brandi_Jenkins@miller.com,19651228,79308567,True,True,56,True,Jenkins,Brandi,Brandi27fe6
4277,Amy Haynes,Amy_Haynes@levy.com,19600314,41563455,True,True,61,True,Haynes,Amy,Amy18bc2
4286,John Roberts,John_Roberts@hendricks.com,19540315,16513279,True,True,67,True,Roberts,John,Johnd606a
4304,Gary Ryan,Gary_Ryan@wright-yu.org,19961010,78108759,True,True,25,True,Ryan,Gary,Gary74ba2
4305,Carrie Nelson,Carrie_Nelson@archer-murphy.com,19510609,49242255,True,True,70,True,Nelson,Carrie,Carriefde1d
4307,Jacob Hood,Jacob_Hood@evans.com,19560208,24204143,True,True,65,True,Hood,Jacob,Jacobbb6b9
4310,Tracy Charles,Tracy_Charles@rowe.com,19931108,62200511,True,True,28,True,Charles,Tracy,Tracy02485
4313,Heather Miller,Heather_Miller@taylor.net,19530128,37035727,True,True,68,True,Miller,Heather,Heather28ba0
4324,Brandon Johnson,Brandon_Johnson@ramirez.com,19851003,60862935,True,True,36,True,Johnson,Brandon,Brandon8eba4
4328,Kevin Cook,Kevin_Cook@cox-stewart.com,19780913,71239915,True,True,43,True,Cook,Kevin,Kevina5121
4352,Derrick Lane,Derrick_Lane@yates.com,19890916,65837219,True,True,32,True,Lane,Derrick,Derrick24958
4372,Wendy Nelson,Wendy_Nelson@day.com,19650108,59119063,True,True,57,True,Nelson,Wendy,Wendyf7fc3
4374,Jasmine Ramsey,Jasmine_Ramsey@jackson.com,19500407,16447279,True,True,71,True,Ramsey,Jasmine,Jasmine843ef
4383,William Beltran,William_Beltran@bean.com,19850313,16495975,True,True,36,True,Beltran,William,Williamb42ac
4386,Albert Jefferson,Albert_Jefferson@diaz-bailey.com,19841117,32919607,True,True,37,True,Jefferson,Albert,Albert84127
4394,Adam Smith,Adam_Smith@reed-smith.org,19840529,27756583,True,True,37,True,Smith,Adam,Adame240f
4404,Jessica Ferguson,Jessica_Ferguson@young.com,19670129,78033235,True,True,54,True,Ferguson,Jessica,Jessica8004f
4414,Gerald Stuart,Gerald_Stuart@strong.net,19950810,98421991,True,True,26,True,Stuart,Gerald,Gerald42d02
4418,Jacob Vaughan,Jacob_Vaughan@martinez.com,19830908,69615007,True,True,38,True,Vaughan,Jacob,Jacob40056
4419,Tammy Thompson,Tammy_Thompson@jimenez.org,20020529,13111159,True,True,19,True,Thompson,Tammy,Tammy9b317
4430,Matthew Fuentes,Matthew_Fuentes@miranda.com,19660329,33411447,True,True,55,True,Fuentes,Matthew,Matthew0598c
4434,April Carpenter,April_Carpenter@page.com,19710929,97274415,True,True,50,True,Carpenter,April,April4acee
4442,Rachel Garcia,Rachel_Garcia@neal.com,19961021,87786127,True,True,25,True,Garcia,Rachel,Racheld383b
4444,Patrick Madden,Patrick_Madden@sanders.com,19941101,35389647,True,True,27,True,Madden,Patrick,Patrickd8100
4451,Angela Myers,Angela_Myers@rodriguez.com,19740126,59457063,True,True,47,True,Myers,Angela,Angela96365
4452,Wayne Baker,Wayne_Baker@brown.com,19671227,92067207,True,True,54,True,Baker,Wayne,Wayne726e6
4455,Haley Cox,Haley_Cox@lewis.com,19641001,27911351,True,True,57,True,Cox,Haley,Haleyc2d50
4465,Dan Sanders,Dan_Sanders@klein-hernandez.com,19500813,30043759,True,True,71,True,Sanders,Dan,Dan65a5d
4468,Timothy Boyle,Timothy_Boyle@roach.net,19840608,49033195,True,True,37,True,Boyle,Timothy,Timothy7540a
4486,Thomas Fisher,Thomas_Fisher@phillips.com,19850415,99090999,True,True,36,True,Fisher,Thomas,Thomascd40a
4492,Taylor Lopez,Taylor_Lopez@jones-salazar.com,19570522,17889439,True,True,64,True,Lopez,Taylor,Taylord2a7d
4502,Cynthia Ortiz MD,Cynthia_Ortiz@mathis.com,19590706,91591279,True,True,62,True,MD,Cynthia,Cynthiafed1f
4506,Jeffrey Macias,Jeffrey_Macias@cox.com,19900310,98485783,True,True,31,True,Macias,Jeffrey,Jeffrey76606
4507,Brian Drake,Brian_Drake@hurst-price.net,19621102,83466007,True,True,59,True,Drake,Brian,Brian1697c
4516,Anna Austin,Anna_Austin@mcguire.com,19991122,83758091,True,True,22,True,Austin,Anna,Anna69ddb
4521,Joel Clark,Joel_Clark@mcclain.com,19580712,65159231,True,True,63,True,Clark,Joel,Joelb1291
4526,Deborah Olson,Deborah_Olson@greene.com,19570805,92118339,True,True,64,True,Olson,Deborah,Deborah4c0a6
4539,Michael Love,Michael_Love@rodriguez-martinez.net,20020321,41033095,True,True,19,True,Love,Michael,Michael01195
4549,Michael Porter,Michael_Porter@shepherd.org,19770614,69635251,True,True,44,True,Porter,Michael,Michael19ffd
4550,Timothy Jordan,Timothy_Jordan@young.com,19991228,77411263,True,True,22,True,Jordan,Timothy,Timothy26d57
4566,Kathy Leblanc,Kathy_Leblanc@warren-gray.com,19810227,69067343,True,True,40,True,Leblanc,Kathy,Kathy25e89
4568,William Floyd,William_Floyd@duran.com,19720713,27758191,True,True,49,True,Floyd,William,Williamee7c0
4569,Angela Hayden,Angela_Hayden@barry.net,19960623,28574351,True,True,25,True,Hayden,Angela,Angela44dbe
4570,Renee Hodges,Renee_Hodges@hamilton.com,19871228,63899519,True,True,34,True,Hodges,Renee,Reneec3205
4572,Samantha Miller,Samantha_Miller@mcmahon.com,19650406,41451647,True,True,56,True,Miller,Samantha,Samanthab1a7b
4584,Sandra Houston,Sandra_Houston@cruz.org,20000211,88159159,True,True,21,True,Houston,Sandra,Sandra81d36
4601,Leslie Lambert,Leslie_Lambert@sutton-aguirre.org,19810604,97188543,True,True,40,True,Lambert,Leslie,Leslie0c6fa
4613,Lauren Orozco,Lauren_Orozco@sanchez.com,20000126,71540231,True,True,21,True,Orozco,Lauren,Lauren32e5d
4614,Destiny Johns,Destiny_Johns@hayes.com,19731201,89233575,True,True,48,True,Johns,Destiny,Destinybd350
4640,Jennifer Davis,Jennifer_Davis@nguyen.com,19931018,72513603,True,True,28,True,Davis,Jennifer,Jenniferd9ba6
4643,Evan Page,Evan_Page@harrison.org,19940808,37848247,True,True,27,True,Page,Evan,Evan28484
4648,April Owen,April_Owen@sanchez.com,19670923,16552967,True,True,54,True,Owen,April,April1c1c8
4658,Mr. Evan Russell,Evan_Russell@ferguson.net,19590120,75209343,True,True,62,True,Russell,Mr.,Mr.eeae9
4667,Jordan Cruz,Jordan_Cruz@clark-dickerson.com,19580323,42355435,True,True,63,True,Cruz,Jordan,Jordana019e
4669,Brent Castaneda,Brent_Castaneda@garcia.com,19580307,80875871,True,True,63,True,Castaneda,Brent,Brent1e9a5
4678,Gregory Peters,Gregory_Peters@ray.net,19900902,78256247,True,True,31,True,Peters,Gregory,Gregory62c2d
4680,Jason Malone,Jason_Malone@allen.com,19550503,47278299,True,True,66,True,Malone,Jason,Jason82057
4691,Matthew Salazar,Matthew_Salazar@jones-jones.com,19991211,50895327,True,True,22,True,Salazar,Matthew,Matthew8a391
4695,Martin Morris,Martin_Morris@garcia.com,19930810,47193651,True,True,28,True,Morris,Martin,Martined007
4697,Natasha Martinez,Natasha_Martinez@west.com,19680418,55194439,True,True,53,True,Martinez,Natasha,Natashafa7cb
4702,Charles Powell,Charles_Powell@knight.com,19970906,47215879,True,True,24,True,Powell,Charles,Charles89e26
4713,Brian Powell,Brian_Powell@hernandez.com,19591115,67153775,True,True,62,True,Powell,Brian,Brianc3379
4723,Laura Sandoval,Laura_Sandoval@brown.com,19860913,17475623,True,True,35,True,Sandoval,Laura,Laura6592d
4726,Mr. Charles Gonzalez,Charles_Gonzalez@navarro.com,19710404,94465511,True,True,50,True,Gonzalez,Mr.,Mr.bc4a4
4730,Nicholas Caldwell,Nicholas_Caldwell@hurley-bass.com,19770714,42525999,True,True,44,True,Caldwell,Nicholas,Nicholas92d76
4732,Brian Wyatt,Brian_Wyatt@wright-young.com,19581211,63631399,True,True,63,True,Wyatt,Brian,Brianac546
4737,Ryan Garcia,Ryan_Garcia@vazquez-wells.com,19930815,26856535,True,True,28,True,Garcia,Ryan,Ryana540e
4741,Megan Anderson,Megan_Anderson@wilson-murillo.com,19700729,21736903,True,True,51,True,Anderson,Megan,Megana86c0
4743,Pamela Hughes,Pamela_Hughes@charles-costa.com,19870613,40181295,True,True,34,True,Hughes,Pamela,Pamela5403f
4744,Tiffany Scott,Tiffany_Scott@davis.com,19861110,76272207,True,True,35,True,Scott,Tiffany,Tiffanyaf31d
4752,Stanley Conway,Stanley_Conway@adams.com,19850905,71853567,True,True,36,True,Conway,Stanley,Stanleyb17c3
4760,Yolanda Petty,Yolanda_Petty@dunlap-brown.com,19910125,69674519,True,True,30,True,Petty,Yolanda,Yolanda89b4f
4779,James Lopez,James_Lopez@werner.org,19790618,88866567,True,True,42,True,Lopez,James,James65a92
4782,Emily Oneal,Emily_Oneal@gutierrez.com,19580118,49152079,True,True,63,True,Oneal,Emily,Emily1a34f
4794,Tara Jones,Tara_Jones@blankenship.net,19850303,49275455,True,True,36,True,Jones,Tara,Tara7290c
4805,Christine Cohen,Christine_Cohen@rich-bell.com,19940621,80232231,True,True,27,True,Cohen,Christine,Christine0fcc4
4807,Daniel Gutierrez,Daniel_Gutierrez@santana-bryan.com,19571103,93799931,True,True,64,True,Gutierrez,Daniel,Daniel8e2f3
4826,George Williams,George_Williams@patton.com,19810319,69991287,True,True,40,True,Williams,George,Georgec20d3
4842,Lori Allen,Lori_Allen@valdez-phillips.com,20020916,28175727,True,True,19,True,Allen,Lori,Lori8c000
4843,Charles Kelly,Charles_Kelly@dalton.com,19690401,62777351,True,True,52,True,Kelly,Charles,Charles0c61d
4846,Jonathan Villa,Jonathan_Villa@suarez.com,19751203,80471287,True,True,46,True,Villa,Jonathan,Jonathan19bdd
4849,Cindy Jackson,Cindy_Jackson@garcia-burch.com,19670727,60954247,True,True,54,True,Jackson,Cindy,Cindy40b1b
4853,Scott Williams,Scott_Williams@keller-wong.com,19800308,85799255,True,True,41,True,Williams,Scott,Scott10ae3
4855,Dylan Hernandez,Dylan_Hernandez@singleton-johnson.com,19950301,31405951,True,True,26,True,Hernandez,Dylan,Dylan04544
4862,Michele Jones,Michele_Jones@leach-taylor.org,19910319,18146159,True,True,30,True,Jones,Michele,Michele974cf
4867,Tiffany Cannon,Tiffany_Cannon@keller.org,19710616,47798639,True,True,50,True,Cannon,Tiffany,Tiffany6f0f0
4877,Michelle Garcia,Michelle_Garcia@lynch.com,19801017,52895823,True,True,41,True,Garcia,Michelle,Michelle6967c
4880,Matthew Bailey,Matthew_Bailey@benjamin.com,19870728,39436023,True,True,34,True,Bailey,Matthew,Matthew255ab
4885,Kristin Edwards,Kristin_Edwards@short.com,19820603,22435107,True,True,39,True,Edwards,Kristin,Kristine7bbf
4891,Kristen Kirk,Kristen_Kirk@ayers.com,19590823,97993751,True,True,62,True,Kirk,Kristen,Kristen079a3
4908,Ruth Carrillo,Ruth_Carrillo@paul.com,19790905,43751451,True,True,42,True,Carrillo,Ruth,Ruthd036e
4910,Jacob Stephenson,Jacob_Stephenson@larson-stevenson.net,19541111,75359427,True,True,67,True,Stephenson,Jacob,Jacobdd890
4914,Curtis Flynn,Curtis_Flynn@cook-drake.com,19780926,58787463,True,True,43,True,Flynn,Curtis,Curtis066c3
4916,Thomas Perez,Thomas_Perez@greene-lopez.com,19630220,96377439,True,True,58,True,Perez,Thomas,Thomas7a5c3
4918,Sheri Kline,Sheri_Kline@hinton.com,19940609,33546343,True,True,27,True,Kline,Sheri,Sherie724e
4919,Mr. Jeff Baker,Jeff_Baker@bentley.com,19670424,57871767,True,True,54,True,Baker,Mr.,Mr.4cd37
4923,William Powell,William_Powell@harrell.com,19670721,71832243,True,True,54,True,Powell,William,Williamd1cfb
4931,Robert Johnson,Robert_Johnson@burnett.org,19520518,42600607,True,True,69,True,Johnson,Robert,Roberta3713
4947,Shannon Thomas,Shannon_Thomas@dawson-alexander.com,19680903,18892279,True,True,53,True,Thomas,Shannon,Shannon2a3b9
4951,Courtney Morse,Courtney_Morse@klein.org,19770707,23951715,True,True,44,True,Morse,Courtney,Courtneyd4789
4952,Jeffrey Murray,Jeffrey_Murray@jones.net,19821221,27473887,True,True,39,True,Murray,Jeffrey,Jeffrey8d3f7
4960,Carla Jackson,Carla_Jackson@morris.com,19940715,44275151,True,True,27,True,Jackson,Carla,Carla5ae26
4970,Kristin Wagner,Kristin_Wagner@clayton.com,19970129,66045343,True,True,24,True,Wagner,Kristin,Kristin83f4e
4972,Jessica Dixon,Jessica_Dixon@clark.org,19660816,76336767,True,True,55,True,Dixon,Jessica,Jessicad2533
4973,Kathleen Rodriguez,Kathleen_Rodriguez@frost-james.com,19671005,65397891,True,True,54,True,Rodriguez,Kathleen,Kathleen3b414
4977,David Burton,David_Burton@glover-willis.org,19700402,19798095,True,True,51,True,Burton,David,David80ddc
4985,Nicole Shea,Nicole_Shea@mcclure.com,19560102,28795599,True,True,66,True,Shea,Nicole,Nicoleabeb3
4991,Alexander Hamilton,Alexander_Hamilton@allen-gillespie.org,19641104,28127271,True,True,57,True,Hamilton,Alexander,Alexandere7a3a
